,mass,age,cores,RAM
3116,95.98,61.0,20.0,136.0
744,108.19,24.0,24.0,128.0
2130,109.19,26.0,24.0,120.0
4924,97.01,57.0,16.0,144.0
3065,97.12,24.0,18.0,112.0
1263,93.05,54.0,18.0,128.0
1249,106.52,21.0,24.0,168.0
2998,86.77,55.0,22.0,88.0
4022,98.91,26.0,26.0,96.0
2904,107.06,56.0,20.0,136.0
2562,120.96,54.0,22.0,200.0
3077,92.44,55.0,21.0,104.0
1003,105.4,,20.0,
3074,113.39,27.0,18.0,120.0
274,95.85,53.0,16.0,256.0
1924,90.16,,18.0,112.0
4473,122.58,52.0,32.0,128.0
4790,,56.0,14.0,144.0
3247,101.04,58.0,16.0,120.0
1051,94.23,53.0,12.0,112.0
4089,112.69,51.0,20.0,152.0
3100,99.74,56.0,22.0,128.0
4591,116.47,32.0,32.0,160.0
3681,93.42,56.0,16.0,104.0
1446,103.77,29.0,26.0,152.0
1602,102.87,28.0,18.0,144.0
1354,101.25,52.0,20.0,136.0
542,93.03,52.0,22.0,112.0
167,91.09,25.0,30.0,128.0
787,111.75,17.0,32.0,144.0
3386,95.77,54.0,18.0,120.0
380,122.61,59.0,21.0,136.0
2254,105.06,59.0,24.0,136.0
2022,97.83,54.0,20.0,120.0
2231,116.15,62.0,20.0,152.0
1360,98.41,53.0,18.0,112.0
2381,91.53,27.0,20.0,128.0
2085,98.48,28.0,18.0,112.0
4763,87.47,52.0,12.0,104.0
3224,109.63,26.0,26.0,144.0
4848,92.75,54.0,14.0,112.0
3092,112.02,54.0,,128.0
3910,92.77,30.0,24.0,112.0
3452,132.6,26.0,28.0,144.0
952,,30.0,26.0,144.0
2399,109.2,24.0,26.0,128.0
4456,92.31,57.0,16.0,104.0
3088,87.56,53.0,15.0,80.0
3266,97.82,28.0,24.0,160.0
978,,53.0,26.0,120.0
4417,107.66,61.0,26.0,136.0
1910,99.01,15.0,25.0,128.0
62,97.16,58.0,18.0,136.0
3221,90.45,56.0,14.0,128.0
4002,110.03,29.0,37.0,112.0
964,121.26,28.0,20.0,152.0
3814,104.92,53.0,20.0,112.0
513,102.67,57.0,,152.0
258,,29.0,20.0,120.0
1999,101.4,30.0,22.0,136.0
1733,88.63,54.0,14.0,152.0
3619,118.21,55.0,22.0,144.0
4252,98.98,28.0,23.0,88.0
370,92.69,54.0,20.0,104.0
2843,104.9,54.0,22.0,136.0
283,103.6,27.0,26.0,128.0
3627,91.43,53.0,10.0,96.0
2826,100.27,24.0,22.0,120.0
4269,94.71,56.0,20.0,104.0
4666,108.07,51.0,18.0,112.0
2638,109.76,23.0,28.0,136.0
4969,95.24,24.0,20.0,144.0
1074,96.89,27.0,24.0,120.0
1509,86.1,60.0,14.0,104.0
757,92.93,54.0,22.0,128.0
1055,96.38,31.0,12.0,144.0
3177,97.92,55.0,20.0,120.0
979,96.48,61.0,12.0,
973,92.11,56.0,14.0,104.0
45,96.94,52.0,22.0,112.0
4938,106.4,56.0,20.0,152.0
213,113.7,33.0,22.0,136.0
3382,90.6,30.0,24.0,160.0
2532,85.25,55.0,20.0,104.0
2931,100.33,54.0,20.0,136.0
211,97.86,,,128.0
1970,109.2,56.0,20.0,144.0
687,93.31,28.0,20.0,120.0
2739,81.96,55.0,10.0,96.0
2047,101.21,66.0,16.0,136.0
2885,93.1,22.0,20.0,104.0
4374,99.73,27.0,24.0,128.0
1266,102.27,28.0,22.0,88.0
4917,98.61,57.0,20.0,96.0
2300,94.23,53.0,23.0,104.0
4612,92.98,26.0,16.0,136.0
1651,98.18,29.0,18.0,96.0
1672,102.45,52.0,14.0,104.0
2699,105.97,58.0,22.0,104.0
3499,88.16,28.0,20.0,128.0
570,107.54,30.0,18.0,128.0
1688,120.08,51.0,28.0,120.0
1136,98.47,62.0,6.0,120.0
3115,,24.0,26.0,112.0
271,105.04,29.0,26.0,152.0
4696,114.92,23.0,28.0,184.0
795,94.21,53.0,22.0,120.0
4520,105.0,51.0,26.0,144.0
4756,108.54,52.0,28.0,136.0
4680,101.71,23.0,24.0,128.0
800,100.13,67.0,8.0,136.0
4529,100.69,29.0,18.0,144.0
3183,92.13,65.0,10.0,152.0
2035,102.87,57.0,16.0,120.0
4078,103.0,54.0,20.0,128.0
1128,101.62,54.0,18.0,128.0
4455,89.42,56.0,20.0,136.0
4702,91.59,14.0,23.0,112.0
4385,109.77,28.0,24.0,136.0
2421,85.43,54.0,16.0,96.0
2205,96.33,56.0,16.0,136.0
3926,101.08,,18.0,120.0
911,85.88,29.0,14.0,104.0
2727,102.21,27.0,16.0,96.0
2135,110.51,28.0,26.0,144.0
3061,100.54,30.0,,72.0
1504,126.01,33.0,26.0,136.0
1655,103.48,19.0,26.0,144.0
4336,113.85,22.0,28.0,144.0
3528,81.27,34.0,16.0,88.0
2378,105.83,59.0,20.0,136.0
638,127.06,24.0,30.0,192.0
4130,95.29,57.0,18.0,128.0
259,92.56,59.0,12.0,112.0
1809,109.04,28.0,22.0,152.0
486,106.26,58.0,16.0,120.0
1695,95.57,30.0,18.0,96.0
3769,114.89,54.0,18.0,168.0
3782,115.84,58.0,20.0,112.0
2918,105.89,28.0,24.0,112.0
3561,100.45,25.0,24.0,128.0
313,92.73,68.0,8.0,112.0
993,108.28,63.0,18.0,128.0
125,91.3,51.0,17.0,128.0
55,117.03,53.0,30.0,120.0
988,,28.0,22.0,128.0
1891,113.92,24.0,22.0,144.0
1527,107.51,49.0,18.0,136.0
3049,101.08,58.0,20.0,120.0
700,94.04,26.0,26.0,104.0
1534,100.09,24.0,23.0,112.0
3388,98.82,25.0,25.0,144.0
4175,112.7,29.0,27.0,128.0
3870,95.58,57.0,14.0,152.0
2417,100.69,55.0,16.0,152.0
3060,93.89,31.0,22.0,128.0
562,99.56,32.0,16.0,136.0
431,78.59,56.0,12.0,104.0
1819,93.43,49.0,20.0,112.0
1961,85.78,53.0,16.0,96.0
1022,91.86,63.0,10.0,128.0
3173,119.37,21.0,34.0,160.0
2149,112.8,27.0,24.0,144.0
394,103.13,21.0,22.0,144.0
3145,88.28,54.0,23.0,88.0
4316,94.21,31.0,16.0,152.0
790,95.24,28.0,20.0,144.0
1561,,29.0,20.0,112.0
2578,91.51,29.0,20.0,144.0
4009,93.76,28.0,24.0,120.0
2445,116.38,54.0,22.0,152.0
2370,112.89,26.0,26.0,168.0
515,105.45,55.0,24.0,152.0
4373,88.09,29.0,10.0,144.0
3301,105.8,31.0,22.0,120.0
4547,84.91,56.0,18.0,96.0
4203,123.21,25.0,28.0,144.0
811,103.96,61.0,18.0,136.0
1650,108.77,23.0,30.0,128.0
3838,89.62,16.0,,144.0
4466,98.45,28.0,22.0,152.0
1668,,56.0,20.0,
2493,104.66,54.0,20.0,112.0
4746,96.45,55.0,,96.0
3420,90.74,54.0,24.0,144.0
433,72.24,57.0,14.0,104.0
1681,91.85,29.0,24.0,136.0
4604,118.49,54.0,22.0,128.0
2167,101.8,24.0,18.0,152.0
1630,107.29,31.0,28.0,120.0
910,103.16,29.0,22.0,160.0
4861,117.46,24.0,36.0,144.0
4474,105.62,26.0,24.0,136.0
4638,113.44,24.0,22.0,160.0
1410,113.3,58.0,20.0,136.0
3340,94.12,50.0,22.0,112.0
1211,98.22,27.0,24.0,96.0
3235,78.09,57.0,16.0,80.0
159,96.15,53.0,20.0,112.0
802,81.31,30.0,18.0,112.0
2139,99.53,66.0,8.0,152.0
242,100.1,22.0,20.0,136.0
1841,90.37,25.0,18.0,112.0
1076,91.84,53.0,12.0,136.0
1709,86.77,30.0,24.0,96.0
1586,78.55,54.0,,96.0
3673,90.9,60.0,16.0,104.0
1847,116.55,63.0,18.0,144.0
3155,107.81,29.0,24.0,160.0
1130,99.73,29.0,24.0,144.0
2315,116.94,59.0,28.0,144.0
70,105.06,55.0,18.0,144.0
816,105.95,51.0,28.0,136.0
3976,98.2,54.0,16.0,104.0
1035,100.46,64.0,20.0,104.0
1773,100.18,53.0,20.0,128.0
3470,104.59,23.0,22.0,120.0
4872,107.85,28.0,34.0,112.0
4258,,53.0,18.0,128.0
3396,99.95,31.0,24.0,136.0
4356,114.3,30.0,20.0,152.0
737,99.52,31.0,22.0,120.0
1431,96.93,55.0,,112.0
3482,93.77,17.0,24.0,144.0
3062,89.19,20.0,20.0,144.0
4792,92.17,56.0,20.0,112.0
4184,100.09,26.0,16.0,128.0
2451,92.33,31.0,16.0,112.0
2943,105.41,51.0,16.0,168.0
3744,104.75,55.0,18.0,128.0
432,103.25,55.0,26.0,112.0
1274,102.01,29.0,14.0,120.0
1486,90.09,,18.0,96.0
1138,129.36,,33.0,152.0
4206,102.56,64.0,20.0,136.0
3735,94.89,52.0,20.0,104.0
1505,103.39,59.0,12.0,152.0
3275,107.39,50.0,26.0,152.0
1359,99.67,27.0,,128.0
24,101.39,28.0,,128.0
2463,107.88,31.0,19.0,136.0
2920,106.5,53.0,20.0,128.0
843,108.6,29.0,26.0,136.0
4537,92.19,22.0,28.0,120.0
2661,103.24,24.0,18.0,128.0
1262,101.41,32.0,24.0,120.0
968,89.09,56.0,13.0,144.0
3297,108.31,53.0,,120.0
1877,106.92,23.0,22.0,128.0
2865,102.4,27.0,24.0,136.0
4228,84.23,18.0,18.0,128.0
3288,114.21,30.0,28.0,152.0
4286,107.56,31.0,16.0,120.0
955,100.14,57.0,18.0,120.0
2504,101.8,53.0,20.0,144.0
3431,94.1,31.0,24.0,112.0
4069,94.9,17.0,22.0,128.0
1347,100.12,54.0,10.0,136.0
3081,92.96,30.0,18.0,64.0
31,95.4,54.0,16.0,120.0
2324,96.25,,18.0,112.0
4687,94.0,24.0,16.0,144.0
2411,97.13,51.0,14.0,152.0
1626,100.91,60.0,16.0,136.0
1962,97.83,24.0,20.0,136.0
3694,93.59,51.0,16.0,120.0
4997,107.57,56.0,18.0,160.0
3192,109.19,51.0,18.0,128.0
147,88.89,53.0,16.0,104.0
2556,80.11,28.0,10.0,128.0
4795,89.12,23.0,26.0,120.0
2814,93.45,60.0,20.0,120.0
87,105.53,61.0,18.0,136.0
1768,,56.0,16.0,112.0
2218,100.18,31.0,22.0,112.0
2407,115.49,51.0,24.0,168.0
3513,100.17,28.0,22.0,168.0
354,98.93,25.0,34.0,144.0
3455,99.28,27.0,26.0,136.0
4874,122.66,58.0,26.0,160.0
60,114.96,52.0,18.0,120.0
3094,99.84,,24.0,120.0
4221,115.21,56.0,24.0,136.0
3634,109.43,18.0,28.0,120.0
1939,87.51,56.0,22.0,96.0
4462,104.85,58.0,17.0,136.0
4222,102.03,57.0,18.0,136.0
1426,113.46,31.0,24.0,144.0
1405,102.43,55.0,20.0,104.0
4416,,61.0,16.0,136.0
920,115.65,54.0,,120.0
4096,107.99,52.0,26.0,136.0
2873,106.57,54.0,26.0,128.0
851,103.4,,22.0,152.0
3052,97.37,53.0,14.0,96.0
2974,106.77,28.0,22.0,112.0
4340,,,20.0,144.0
2177,86.84,56.0,14.0,104.0
1064,86.81,24.0,20.0,120.0
2790,101.7,28.0,20.0,136.0
315,108.26,30.0,12.0,144.0
4669,91.85,53.0,14.0,120.0
105,111.83,53.0,22.0,136.0
3110,93.52,56.0,18.0,120.0
1408,101.68,58.0,16.0,120.0
3505,88.71,26.0,22.0,112.0
3697,118.04,27.0,,136.0
520,99.02,65.0,12.0,128.0
3428,87.96,28.0,12.0,104.0
2950,87.06,25.0,16.0,136.0
2795,93.59,59.0,10.0,112.0
4721,98.76,,20.0,112.0
4523,99.78,60.0,18.0,128.0
1735,,53.0,20.0,136.0
3901,107.99,29.0,22.0,88.0
1979,,51.0,22.0,136.0
2040,118.97,50.0,22.0,176.0
3608,99.35,55.0,20.0,88.0
173,112.1,65.0,20.0,112.0
180,,25.0,22.0,136.0
976,93.65,54.0,16.0,104.0
3946,97.39,32.0,24.0,136.0
4934,96.83,65.0,14.0,104.0
3979,86.55,19.0,18.0,136.0
2980,86.39,17.0,20.0,96.0
4404,107.43,63.0,11.0,120.0
102,105.93,65.0,16.0,120.0
2942,,66.0,16.0,104.0
763,94.53,50.0,22.0,136.0
1916,81.18,28.0,20.0,120.0
3303,94.2,61.0,16.0,120.0
600,95.53,56.0,18.0,104.0
3170,94.75,20.0,24.0,144.0
193,108.56,29.0,18.0,128.0
363,101.97,21.0,28.0,136.0
3980,102.02,25.0,22.0,128.0
4640,94.22,28.0,24.0,104.0
48,81.01,56.0,10.0,136.0
4092,86.27,26.0,24.0,104.0
531,100.48,53.0,18.0,136.0
3473,99.18,53.0,22.0,136.0
4768,87.84,31.0,18.0,88.0
4236,108.6,58.0,14.0,128.0
4337,116.52,25.0,24.0,200.0
3307,104.24,22.0,,152.0
3319,100.53,59.0,19.0,160.0
4728,96.19,53.0,20.0,104.0
2977,107.06,22.0,27.0,96.0
2909,118.87,53.0,22.0,104.0
1312,82.6,55.0,12.0,80.0
2072,102.53,28.0,22.0,136.0
2185,98.91,26.0,16.0,120.0
3490,95.85,54.0,18.0,168.0
613,90.68,54.0,18.0,112.0
2911,85.29,29.0,16.0,104.0
2462,107.66,58.0,16.0,128.0
587,84.93,52.0,16.0,128.0
191,,61.0,22.0,152.0
375,106.93,24.0,30.0,128.0
3747,85.04,52.0,4.0,120.0
2044,93.84,31.0,26.0,120.0
4488,107.79,52.0,24.0,128.0
2754,105.45,53.0,22.0,152.0
445,118.4,53.0,22.0,104.0
4448,109.11,55.0,26.0,160.0
1234,107.22,53.0,14.0,136.0
4398,100.57,140.0,10.0,104.0
4649,115.18,20.0,32.0,192.0
3811,106.24,26.0,30.0,152.0
1039,96.87,28.0,22.0,104.0
1224,109.35,28.0,24.0,136.0
4834,104.7,26.0,,152.0
4198,101.74,57.0,10.0,136.0
4101,112.95,59.0,23.0,120.0
1724,,28.0,20.0,112.0
1496,90.46,,18.0,120.0
155,,53.0,20.0,128.0
712,113.15,30.0,28.0,168.0
2824,110.66,53.0,24.0,136.0
3085,105.57,32.0,24.0,136.0
563,99.95,23.0,28.0,136.0
4181,96.3,50.0,14.0,112.0
751,104.25,58.0,12.0,144.0
579,86.31,28.0,20.0,72.0
3465,100.31,29.0,16.0,152.0
2768,122.31,32.0,28.0,160.0
3605,111.63,51.0,26.0,152.0
4541,103.43,55.0,24.0,136.0
798,105.6,32.0,14.0,128.0
2245,90.34,52.0,23.0,88.0
2320,107.03,57.0,20.0,
601,112.23,59.0,24.0,144.0
1242,105.71,57.0,18.0,120.0
1083,87.32,55.0,18.0,160.0
3885,105.97,58.0,18.0,136.0
36,81.16,54.0,18.0,136.0
2866,104.74,29.0,16.0,152.0
131,107.9,61.0,24.0,128.0
290,102.07,30.0,24.0,152.0
4383,95.7,30.0,18.0,136.0
1966,105.12,22.0,20.0,152.0
883,108.51,53.0,24.0,128.0
3264,93.42,54.0,20.0,112.0
4055,92.56,28.0,22.0,112.0
793,99.27,24.0,26.0,112.0
4464,110.77,27.0,22.0,144.0
4658,97.66,29.0,16.0,128.0
2821,,23.0,30.0,128.0
3549,100.41,29.0,26.0,112.0
2643,107.07,56.0,20.0,144.0
2137,119.01,29.0,24.0,160.0
4573,103.33,23.0,26.0,144.0
4698,96.45,26.0,24.0,144.0
262,110.48,60.0,14.0,136.0
3758,95.35,24.0,24.0,104.0
524,100.48,30.0,22.0,144.0
2219,78.07,51.0,18.0,136.0
1173,99.69,26.0,30.0,128.0
1519,109.62,57.0,14.0,144.0
1111,79.23,28.0,16.0,88.0
2232,97.89,54.0,10.0,96.0
3861,105.42,57.0,16.0,152.0
4106,121.05,26.0,26.0,160.0
780,111.39,25.0,20.0,152.0
2076,108.53,56.0,16.0,128.0
3315,104.71,,22.0,104.0
706,110.94,50.0,,136.0
2170,90.77,56.0,,128.0
823,98.86,28.0,22.0,128.0
4857,90.84,24.0,16.0,104.0
4602,91.81,54.0,12.0,104.0
4302,,55.0,20.0,160.0
4810,94.84,60.0,16.0,88.0
2163,96.07,32.0,22.0,104.0
2003,97.1,57.0,20.0,88.0
339,77.11,53.0,14.0,72.0
2557,88.39,66.0,18.0,136.0
2046,93.8,25.0,28.0,144.0
1890,105.17,67.0,18.0,128.0
4225,100.24,55.0,14.0,120.0
3311,90.16,26.0,22.0,136.0
1474,112.67,19.0,26.0,168.0
1165,108.13,23.0,30.0,144.0
983,72.87,28.0,18.0,104.0
850,88.57,,,128.0
1484,86.45,61.0,18.0,120.0
4568,113.35,25.0,26.0,136.0
3820,98.73,56.0,14.0,144.0
1615,108.31,17.0,28.0,160.0
1895,93.29,19.0,24.0,144.0
150,95.13,29.0,18.0,144.0
77,107.65,31.0,12.0,152.0
1017,95.3,52.0,22.0,168.0
359,73.87,60.0,2.0,120.0
138,87.99,57.0,,88.0
1500,110.69,26.0,34.0,128.0
2330,92.45,27.0,24.0,120.0
50,105.13,,24.0,120.0
207,89.28,29.0,18.0,
3884,99.96,53.0,16.0,136.0
4806,85.07,28.0,24.0,104.0
2937,99.16,51.0,20.0,128.0
4563,99.4,56.0,16.0,120.0
4298,106.83,29.0,24.0,152.0
561,108.65,54.0,14.0,152.0
4627,107.44,60.0,12.0,96.0
149,109.22,58.0,14.0,136.0
2501,118.71,56.0,22.0,136.0
4412,104.35,26.0,22.0,160.0
2386,103.78,51.0,23.0,144.0
943,105.9,56.0,16.0,96.0
2758,99.88,,20.0,144.0
3229,103.72,59.0,20.0,136.0
2680,104.89,56.0,20.0,104.0
2825,91.77,25.0,10.0,120.0
1825,95.06,59.0,14.0,104.0
1584,97.65,24.0,18.0,144.0
1906,,27.0,22.0,136.0
3010,91.05,57.0,14.0,144.0
3147,108.19,60.0,22.0,104.0
4196,117.2,65.0,16.0,144.0
2063,90.54,53.0,12.0,104.0
252,113.95,29.0,27.0,256.0
1438,100.31,27.0,22.0,96.0
2309,,59.0,19.0,80.0
830,86.19,24.0,22.0,144.0
4889,109.25,28.0,22.0,136.0
3036,87.33,29.0,19.0,120.0
3683,88.63,28.0,26.0,96.0
1771,110.73,56.0,,112.0
3041,110.2,62.0,20.0,128.0
1524,107.36,25.0,26.0,112.0
1548,83.7,26.0,18.0,120.0
1143,98.45,32.0,24.0,144.0
1792,93.05,55.0,16.0,144.0
3801,103.31,24.0,22.0,128.0
602,103.89,55.0,16.0,144.0
2356,101.56,25.0,,136.0
3507,99.25,60.0,19.0,112.0
3753,107.93,30.0,,144.0
2431,108.35,53.0,18.0,136.0
2282,104.62,51.0,30.0,136.0
510,105.0,59.0,20.0,112.0
3480,89.11,55.0,12.0,120.0
3300,104.8,27.0,16.0,128.0
3028,91.32,26.0,24.0,128.0
3537,111.74,31.0,24.0,136.0
2246,107.2,26.0,32.0,112.0
1967,104.56,51.0,16.0,120.0
1388,101.46,60.0,22.0,96.0
4978,89.17,25.0,26.0,136.0
230,107.36,68.0,20.0,120.0
1652,97.64,51.0,18.0,128.0
42,110.23,59.0,16.0,128.0
4700,99.97,27.0,20.0,144.0
953,76.82,30.0,18.0,120.0
3795,107.41,58.0,16.0,128.0
4818,121.97,58.0,22.0,128.0
866,103.16,27.0,28.0,104.0
3120,111.87,52.0,18.0,160.0
4650,105.58,53.0,20.0,144.0
4239,98.82,52.0,14.0,136.0
2597,114.31,62.0,22.0,112.0
3860,94.1,24.0,24.0,120.0
4424,111.62,28.0,20.0,160.0
386,118.47,28.0,23.0,160.0
1444,130.19,52.0,22.0,168.0
1385,100.65,51.0,22.0,104.0
3079,96.61,51.0,22.0,104.0
675,73.24,56.0,12.0,88.0
4000,87.45,23.0,30.0,88.0
4125,,26.0,34.0,128.0
2253,92.76,30.0,12.0,144.0
594,89.18,29.0,,80.0
4966,107.39,26.0,22.0,152.0
2048,99.22,27.0,25.0,152.0
2447,102.25,26.0,,160.0
3462,93.06,57.0,16.0,96.0
860,91.0,25.0,14.0,112.0
1639,76.25,55.0,20.0,112.0
169,100.75,,18.0,112.0
1306,91.75,55.0,18.0,120.0
1196,107.47,52.0,16.0,160.0
2364,101.01,31.0,20.0,104.0
4095,102.83,26.0,18.0,120.0
814,107.98,22.0,28.0,152.0
51,104.14,32.0,26.0,120.0
545,106.66,32.0,20.0,144.0
3012,98.34,,20.0,120.0
4637,89.81,54.0,12.0,144.0
2389,104.48,23.0,20.0,176.0
2064,,51.0,18.0,128.0
3879,97.3,24.0,14.0,128.0
3659,105.69,56.0,16.0,112.0
1419,92.68,23.0,18.0,152.0
1125,90.04,61.0,12.0,104.0
415,111.99,50.0,20.0,144.0
4007,97.05,53.0,,128.0
1045,104.35,28.0,16.0,168.0
4926,113.71,28.0,20.0,128.0
4581,107.07,25.0,24.0,152.0
3534,108.01,56.0,22.0,120.0
4762,97.4,51.0,14.0,112.0
1031,104.72,54.0,24.0,144.0
1624,99.34,29.0,24.0,120.0
773,113.49,52.0,28.0,152.0
4853,103.81,66.0,10.0,128.0
4805,108.73,26.0,31.0,136.0
303,90.36,23.0,18.0,144.0
3099,116.63,53.0,26.0,96.0
1499,87.94,51.0,20.0,120.0
2412,94.51,22.0,32.0,112.0
4451,108.82,62.0,14.0,
1716,90.51,24.0,22.0,152.0
3628,84.47,28.0,20.0,120.0
1366,108.02,56.0,19.0,152.0
1518,94.3,,18.0,120.0
1982,99.04,50.0,10.0,104.0
3097,65.67,52.0,12.0,
1209,97.02,30.0,18.0,128.0
1435,88.97,,28.0,112.0
1406,89.4,62.0,20.0,112.0
3459,94.38,59.0,26.0,112.0
1324,103.17,47.0,12.0,120.0
4353,101.78,28.0,20.0,128.0
857,,29.0,20.0,112.0
3643,88.85,56.0,20.0,120.0
4648,96.63,50.0,16.0,128.0
3533,112.34,51.0,22.0,104.0
4085,89.97,60.0,6.0,112.0
3653,90.86,27.0,14.0,120.0
398,86.81,58.0,18.0,112.0
275,109.97,29.0,26.0,176.0
4880,99.19,52.0,22.0,152.0
1529,118.19,55.0,14.0,104.0
3289,108.49,63.0,12.0,136.0
1701,97.55,54.0,14.0,112.0
3731,101.15,61.0,14.0,112.0
2802,89.9,58.0,18.0,120.0
3923,102.34,27.0,24.0,128.0
781,100.05,26.0,22.0,160.0
3983,101.8,61.0,22.0,144.0
3144,111.21,,22.0,136.0
92,100.39,55.0,16.0,112.0
2492,102.97,49.0,30.0,104.0
4644,104.24,28.0,16.0,144.0
1233,109.62,56.0,16.0,120.0
4885,120.19,58.0,16.0,136.0
2374,106.96,28.0,24.0,112.0
3498,101.33,22.0,28.0,128.0
1605,92.22,28.0,18.0,128.0
543,81.09,32.0,14.0,136.0
3293,90.52,18.0,24.0,96.0
3852,108.21,61.0,24.0,112.0
3179,110.59,56.0,,128.0
3962,93.97,55.0,14.0,104.0
2629,76.43,52.0,8.0,144.0
725,87.52,30.0,14.0,96.0
1698,100.12,48.0,24.0,112.0
4113,,28.0,26.0,136.0
4657,81.7,31.0,20.0,136.0
2989,95.59,65.0,12.0,112.0
132,79.66,31.0,22.0,136.0
4389,107.9,57.0,28.0,120.0
3710,80.3,28.0,14.0,
4487,96.01,20.0,18.0,144.0
2751,109.37,22.0,,168.0
4630,104.86,58.0,20.0,128.0
2251,98.74,56.0,14.0,152.0
2438,97.11,51.0,14.0,
3597,81.06,59.0,6.0,104.0
4127,87.77,68.0,14.0,120.0
625,96.5,57.0,27.0,104.0
4655,98.0,54.0,22.0,128.0
4251,106.58,59.0,18.0,136.0
2158,100.52,50.0,16.0,112.0
1616,70.05,,4.0,64.0
238,108.48,56.0,,136.0
2202,105.83,53.0,20.0,128.0
2060,87.26,57.0,16.0,96.0
4941,98.83,59.0,24.0,128.0
1478,109.76,28.0,24.0,144.0
3845,106.11,55.0,20.0,128.0
881,108.16,24.0,28.0,112.0
2452,91.59,26.0,22.0,136.0
4428,81.02,52.0,18.0,96.0
2823,106.11,62.0,18.0,120.0
3345,103.21,26.0,28.0,128.0
2817,83.91,29.0,16.0,96.0
3878,86.93,56.0,18.0,112.0
2486,97.83,25.0,24.0,144.0
541,93.56,51.0,16.0,112.0
1782,100.24,28.0,28.0,
3934,95.53,22.0,25.0,136.0
1370,103.58,55.0,24.0,136.0
3631,121.66,27.0,20.0,136.0
4304,84.32,58.0,16.0,136.0
642,88.21,23.0,24.0,104.0
4282,87.01,51.0,20.0,104.0
4730,106.38,55.0,22.0,144.0
1887,95.43,,16.0,104.0
4791,101.84,52.0,20.0,120.0
4442,96.94,57.0,10.0,120.0
2986,95.7,26.0,18.0,128.0
2965,108.04,50.0,28.0,136.0
341,102.5,27.0,24.0,144.0
1353,84.92,55.0,20.0,128.0
4217,94.76,54.0,14.0,112.0
975,109.96,28.0,20.0,120.0
3175,,55.0,16.0,104.0
253,105.33,21.0,20.0,152.0
2677,98.1,34.0,,152.0
4405,90.5,55.0,10.0,120.0
1649,100.54,20.0,32.0,152.0
922,99.06,28.0,23.0,160.0
1593,111.07,55.0,26.0,112.0
994,93.91,53.0,,136.0
2437,94.97,50.0,14.0,112.0
1425,104.89,64.0,22.0,152.0
318,103.39,56.0,20.0,120.0
2472,95.01,24.0,24.0,128.0
1629,98.22,52.0,10.0,128.0
2713,103.33,29.0,24.0,112.0
2089,93.99,52.0,20.0,104.0
745,119.08,27.0,20.0,168.0
1318,105.38,31.0,16.0,112.0
3362,107.58,63.0,16.0,128.0
3896,120.89,,26.0,128.0
244,123.22,62.0,20.0,136.0
2242,111.27,31.0,22.0,144.0
1338,93.77,53.0,16.0,88.0
3055,95.63,28.0,22.0,152.0
1201,101.4,55.0,20.0,104.0
4831,101.57,27.0,18.0,112.0
1036,93.9,29.0,20.0,136.0
3935,106.21,26.0,22.0,144.0
2745,97.98,64.0,11.0,112.0
2179,106.04,51.0,16.0,136.0
3069,94.82,27.0,20.0,136.0
767,102.59,52.0,22.0,152.0
4137,100.49,54.0,22.0,152.0
219,90.2,53.0,18.0,96.0
4368,89.23,,20.0,152.0
3940,99.32,58.0,19.0,112.0
2793,122.62,55.0,20.0,120.0
4952,85.96,54.0,14.0,128.0
1150,105.8,21.0,24.0,128.0
913,94.53,27.0,18.0,128.0
452,105.44,23.0,30.0,136.0
2615,111.53,28.0,24.0,136.0
2454,99.88,26.0,24.0,112.0
4104,91.88,20.0,28.0,72.0
2888,119.59,53.0,18.0,176.0
3003,101.75,53.0,18.0,88.0
4866,,58.0,,128.0
443,112.17,29.0,28.0,176.0
4873,99.0,59.0,19.0,120.0
4331,,58.0,14.0,136.0
4887,88.61,55.0,16.0,96.0
1707,100.34,51.0,20.0,128.0
4230,104.81,26.0,28.0,160.0
3087,90.05,63.0,18.0,104.0
1680,96.71,52.0,,128.0
4673,108.86,54.0,16.0,144.0
1423,93.64,23.0,20.0,128.0
3231,95.73,24.0,20.0,144.0
1710,110.86,30.0,30.0,128.0
846,88.98,54.0,12.0,96.0
2477,105.25,20.0,20.0,152.0
447,,65.0,22.0,96.0
809,104.2,51.0,20.0,136.0
2820,107.47,30.0,16.0,96.0
2836,104.8,32.0,18.0,136.0
4513,99.71,33.0,16.0,144.0
3312,103.9,60.0,18.0,168.0
2972,92.0,30.0,21.0,128.0
4386,102.85,53.0,22.0,120.0
2440,85.83,23.0,24.0,120.0
528,89.32,29.0,14.0,64.0
471,88.82,30.0,20.0,136.0
4472,103.94,,26.0,136.0
3942,85.62,32.0,16.0,112.0
287,114.78,28.0,28.0,152.0
1778,85.58,50.0,22.0,96.0
4729,95.22,27.0,16.0,128.0
1305,110.74,59.0,16.0,152.0
4965,88.08,59.0,10.0,120.0
778,92.37,24.0,20.0,136.0
4136,104.72,27.0,23.0,104.0
3637,85.94,61.0,8.0,80.0
3790,105.32,56.0,22.0,136.0
2395,97.93,53.0,16.0,160.0
3714,100.79,51.0,26.0,112.0
3404,108.61,53.0,22.0,152.0
1550,100.3,54.0,20.0,144.0
4742,113.14,26.0,30.0,136.0
1421,97.93,50.0,20.0,112.0
537,111.68,29.0,24.0,128.0
1627,94.94,28.0,18.0,120.0
3219,96.17,28.0,18.0,136.0
1437,97.98,60.0,14.0,112.0
3602,105.22,55.0,26.0,160.0
2124,103.9,21.0,22.0,160.0
1721,102.34,30.0,22.0,128.0
3990,97.91,31.0,16.0,136.0
3512,93.3,21.0,28.0,120.0
4533,107.54,27.0,20.0,168.0
4285,111.04,62.0,24.0,128.0
2778,102.26,60.0,18.0,112.0
3652,97.65,59.0,14.0,136.0
1151,105.58,52.0,24.0,144.0
1604,111.91,51.0,20.0,128.0
4266,96.34,53.0,18.0,128.0
2141,125.57,22.0,32.0,176.0
661,108.76,61.0,,136.0
1202,112.46,,26.0,160.0
597,88.32,28.0,18.0,112.0
3541,,,18.0,112.0
3026,113.78,29.0,22.0,144.0
2098,119.69,22.0,25.0,152.0
2419,91.37,55.0,18.0,88.0
4027,105.93,27.0,16.0,152.0
747,100.98,24.0,24.0,144.0
3002,79.59,53.0,16.0,88.0
407,109.72,57.0,22.0,192.0
938,,57.0,16.0,152.0
1470,78.76,30.0,10.0,112.0
1315,105.92,31.0,24.0,136.0
142,95.65,50.0,14.0,120.0
4735,102.08,57.0,20.0,112.0
1523,98.88,53.0,23.0,112.0
4306,100.81,28.0,18.0,144.0
4255,107.72,62.0,20.0,136.0
2506,106.2,53.0,22.0,160.0
20,117.44,26.0,20.0,160.0
1342,106.96,25.0,19.0,136.0
4039,72.7,50.0,18.0,112.0
1969,106.65,30.0,16.0,152.0
2308,104.84,56.0,20.0,120.0
3904,93.05,25.0,24.0,144.0
3566,100.4,28.0,28.0,136.0
3440,92.69,21.0,26.0,136.0
4843,86.09,31.0,16.0,136.0
4420,104.93,60.0,16.0,128.0
4063,102.99,53.0,24.0,128.0
997,110.98,30.0,32.0,144.0
3647,86.72,29.0,12.0,136.0
3073,102.16,29.0,22.0,152.0
4855,88.02,61.0,6.0,120.0
4434,95.79,55.0,10.0,104.0
619,95.82,25.0,28.0,136.0
3139,77.64,28.0,16.0,80.0
3809,97.9,29.0,24.0,128.0
3519,76.47,59.0,11.0,96.0
4461,104.03,60.0,16.0,120.0
4483,99.07,31.0,22.0,144.0
3257,96.67,54.0,17.0,144.0
2692,92.64,62.0,12.0,136.0
4507,109.9,51.0,18.0,120.0
4029,91.56,57.0,18.0,136.0
4332,92.47,56.0,,136.0
3866,106.05,52.0,21.0,136.0
2548,100.1,55.0,20.0,120.0
1992,99.73,52.0,21.0,144.0
4433,82.49,31.0,10.0,120.0
1949,112.09,62.0,18.0,112.0
2162,92.19,55.0,17.0,144.0
104,80.49,31.0,24.0,96.0
3450,98.9,27.0,,144.0
1427,98.31,58.0,16.0,120.0
1585,96.65,54.0,20.0,120.0
3737,92.99,27.0,12.0,128.0
573,81.04,53.0,20.0,88.0
886,102.91,31.0,22.0,128.0
603,93.49,26.0,24.0,120.0
2915,94.01,60.0,18.0,144.0
4400,113.18,51.0,20.0,144.0
1697,108.59,64.0,24.0,88.0
121,99.51,52.0,32.0,
1989,119.08,26.0,28.0,128.0
2114,90.77,,16.0,120.0
4890,105.97,54.0,20.0,96.0
4598,97.77,53.0,28.0,120.0
240,109.99,28.0,24.0,136.0
3182,99.28,54.0,18.0,120.0
1840,111.46,54.0,22.0,144.0
2146,99.7,54.0,26.0,144.0
2764,112.59,31.0,20.0,152.0
3518,101.59,18.0,26.0,152.0
1718,99.38,56.0,20.0,112.0
1607,,53.0,24.0,128.0
702,113.26,54.0,22.0,104.0
1148,98.15,25.0,20.0,120.0
2731,109.2,24.0,24.0,152.0
1804,93.34,,18.0,112.0
1119,93.34,51.0,22.0,128.0
302,89.01,26.0,26.0,152.0
1205,108.16,57.0,16.0,112.0
3919,106.41,57.0,24.0,88.0
2535,88.42,54.0,8.0,96.0
408,81.62,27.0,20.0,120.0
1901,89.53,26.0,24.0,112.0
4197,108.09,29.0,18.0,136.0
1327,93.86,54.0,20.0,112.0
1218,112.79,30.0,22.0,144.0
685,105.65,27.0,16.0,128.0
2635,103.03,29.0,20.0,
2317,111.43,60.0,16.0,136.0
4263,96.68,26.0,20.0,152.0
178,99.81,58.0,22.0,80.0
4497,102.16,27.0,28.0,120.0
4314,88.69,61.0,8.0,120.0
3645,119.33,52.0,20.0,136.0
225,98.05,30.0,28.0,112.0
1860,104.48,32.0,20.0,160.0
3230,109.43,,16.0,136.0
2382,115.62,28.0,24.0,160.0
3706,102.39,50.0,12.0,120.0
3369,95.53,29.0,20.0,152.0
3950,89.06,54.0,12.0,80.0
2497,101.15,53.0,18.0,
1764,105.34,20.0,26.0,152.0
1364,94.62,30.0,16.0,152.0
2443,105.71,23.0,33.0,112.0
4201,91.93,56.0,14.0,120.0
4634,117.3,23.0,24.0,152.0
3370,96.18,54.0,20.0,112.0
4953,102.54,,24.0,144.0
1103,116.31,61.0,20.0,136.0
3580,83.3,59.0,16.0,112.0
270,109.81,61.0,14.0,144.0
1373,95.95,55.0,16.0,128.0
2549,92.33,58.0,10.0,120.0
4249,100.34,25.0,12.0,112.0
862,108.44,25.0,26.0,144.0
4234,78.63,53.0,18.0,104.0
319,100.58,55.0,18.0,128.0
535,84.79,55.0,22.0,128.0
4757,115.62,26.0,24.0,152.0
1571,106.48,26.0,14.0,128.0
328,101.12,33.0,20.0,136.0
3207,93.48,52.0,16.0,104.0
1533,113.23,63.0,20.0,
4033,,22.0,26.0,104.0
3981,92.32,24.0,16.0,120.0
2030,,57.0,10.0,88.0
3978,95.2,27.0,20.0,144.0
214,102.9,27.0,22.0,136.0
3124,66.66,33.0,16.0,96.0
2011,95.71,60.0,12.0,96.0
1844,102.97,24.0,,168.0
4220,96.36,54.0,14.0,104.0
1154,84.5,29.0,16.0,112.0
1235,87.26,29.0,22.0,72.0
1194,99.2,55.0,22.0,96.0
4036,102.09,32.0,20.0,144.0
636,89.65,52.0,12.0,120.0
1047,95.66,57.0,20.0,104.0
972,93.32,56.0,20.0,96.0
453,105.33,59.0,24.0,136.0
2160,103.97,32.0,22.0,144.0
1317,91.96,52.0,23.0,112.0
627,,65.0,18.0,128.0
4968,90.03,26.0,18.0,120.0
1313,114.7,30.0,28.0,120.0
1488,101.83,50.0,22.0,120.0
2854,,27.0,22.0,152.0
1158,87.91,54.0,16.0,128.0
2151,94.61,23.0,24.0,112.0
729,100.29,26.0,22.0,144.0
1033,95.32,52.0,16.0,104.0
4124,101.22,32.0,17.0,112.0
2198,,53.0,22.0,128.0
181,71.89,55.0,14.0,72.0
2332,89.33,58.0,14.0,112.0
376,105.51,30.0,20.0,120.0
861,111.48,50.0,22.0,176.0
714,95.42,66.0,18.0,152.0
4628,102.8,29.0,26.0,136.0
3291,84.33,57.0,18.0,120.0
3732,91.87,27.0,20.0,136.0
1177,98.43,30.0,14.0,136.0
1946,97.49,53.0,22.0,152.0
3317,87.64,26.0,20.0,120.0
3199,119.99,51.0,20.0,144.0
2376,106.24,33.0,20.0,128.0
2583,104.13,25.0,24.0,112.0
1320,96.22,52.0,18.0,144.0
829,110.92,64.0,26.0,168.0
2157,87.02,58.0,10.0,104.0
2791,102.06,53.0,18.0,144.0
3302,,53.0,18.0,
848,107.82,28.0,,168.0
3209,82.41,58.0,16.0,120.0
2860,85.33,51.0,20.0,112.0
4223,113.48,57.0,18.0,144.0
1063,95.83,52.0,16.0,144.0
3051,103.21,25.0,24.0,136.0
884,82.24,52.0,22.0,120.0
931,89.2,60.0,20.0,128.0
418,99.98,52.0,16.0,160.0
1934,120.94,28.0,26.0,176.0
1879,81.62,59.0,18.0,120.0
2805,93.32,27.0,22.0,88.0
536,86.29,64.0,12.0,64.0
1526,101.85,26.0,18.0,112.0
4117,115.34,27.0,26.0,136.0
4832,120.14,29.0,26.0,136.0
1921,,30.0,28.0,120.0
3827,104.66,58.0,23.0,152.0
2626,109.44,51.0,21.0,136.0
2651,80.52,50.0,24.0,112.0
895,96.35,53.0,22.0,152.0
3016,103.58,55.0,26.0,120.0
1848,87.51,53.0,16.0,120.0
3278,110.2,27.0,28.0,184.0
3924,108.2,14.0,26.0,144.0
2695,90.97,56.0,10.0,112.0
3598,111.13,55.0,20.0,128.0
2748,81.66,30.0,22.0,136.0
2489,103.04,20.0,30.0,128.0
2892,114.34,28.0,26.0,152.0
4667,125.29,29.0,28.0,136.0
3233,97.33,58.0,16.0,136.0
1268,89.6,25.0,14.0,120.0
500,98.36,,22.0,120.0
2934,102.73,54.0,14.0,136.0
2384,85.85,54.0,10.0,104.0
3931,102.71,27.0,22.0,152.0
2997,109.17,30.0,16.0,
1929,97.83,54.0,20.0,136.0
4270,97.69,22.0,29.0,152.0
2143,98.04,58.0,20.0,136.0
1944,90.05,56.0,16.0,136.0
3840,100.22,58.0,16.0,128.0
4731,102.99,25.0,26.0,112.0
770,87.55,28.0,22.0,112.0
2633,109.23,30.0,12.0,136.0
1502,,20.0,22.0,120.0
2530,96.08,61.0,18.0,72.0
3522,118.15,19.0,24.0,152.0
3538,104.28,56.0,22.0,136.0
4977,105.7,24.0,,176.0
673,113.15,49.0,22.0,96.0
1608,105.12,52.0,27.0,144.0
2776,100.09,26.0,16.0,136.0
1569,97.91,62.0,24.0,144.0
771,111.06,57.0,18.0,128.0
1487,88.21,61.0,14.0,128.0
1458,119.37,54.0,22.0,512.0
4396,115.74,54.0,24.0,104.0
689,112.88,28.0,14.0,160.0
4238,108.53,53.0,20.0,136.0
2272,96.39,60.0,16.0,104.0
4586,106.02,30.0,22.0,128.0
3739,103.31,64.0,16.0,104.0
498,80.97,,20.0,120.0
2842,97.55,55.0,14.0,144.0
4413,111.54,57.0,20.0,144.0
18,101.82,56.0,22.0,136.0
4603,102.13,22.0,22.0,144.0
3573,85.55,58.0,12.0,128.0
3556,104.0,31.0,22.0,128.0
1461,109.29,26.0,22.0,136.0
2144,104.52,63.0,22.0,120.0
3638,82.49,24.0,16.0,112.0
1745,100.93,22.0,20.0,104.0
2996,122.13,19.0,32.0,152.0
1751,97.42,54.0,22.0,128.0
4814,98.31,54.0,22.0,104.0
2981,107.18,28.0,25.0,120.0
3261,88.97,30.0,20.0,120.0
391,97.52,28.0,22.0,136.0
2119,100.0,59.0,12.0,128.0
4812,122.71,28.0,22.0,144.0
2863,94.05,,22.0,88.0
2570,106.23,57.0,24.0,136.0
1442,107.45,55.0,30.0,168.0
508,73.36,26.0,10.0,104.0
421,,60.0,20.0,120.0
2671,92.02,56.0,22.0,120.0
1091,110.89,28.0,24.0,112.0
4542,85.18,33.0,22.0,120.0
4645,109.62,54.0,20.0,128.0
4366,98.39,23.0,22.0,128.0
1298,106.05,57.0,16.0,144.0
4593,84.12,56.0,10.0,112.0
1631,101.37,59.0,16.0,128.0
2247,81.79,58.0,,120.0
3725,106.49,59.0,22.0,136.0
2318,93.57,54.0,18.0,120.0
4732,109.99,53.0,,152.0
1980,100.26,32.0,24.0,120.0
2773,122.14,52.0,22.0,160.0
2552,84.44,54.0,16.0,120.0
4816,88.91,57.0,10.0,112.0
2159,100.2,58.0,20.0,144.0
1899,80.57,28.0,18.0,144.0
4668,103.21,29.0,20.0,120.0
2054,90.16,54.0,22.0,104.0
1849,84.61,29.0,,
722,92.19,55.0,24.0,120.0
2746,90.38,66.0,12.0,136.0
2603,96.6,28.0,30.0,144.0
1574,95.33,52.0,18.0,152.0
4318,104.24,50.0,18.0,128.0
3332,102.81,57.0,18.0,112.0
3905,90.71,25.0,20.0,104.0
3740,98.32,29.0,20.0,136.0
1863,89.94,55.0,10.0,96.0
3532,102.86,52.0,26.0,128.0
554,94.79,58.0,12.0,128.0
3159,105.04,50.0,18.0,152.0
2621,100.79,23.0,34.0,104.0
4745,84.51,61.0,10.0,112.0
1676,104.43,30.0,22.0,160.0
3189,109.55,55.0,18.0,128.0
3893,102.35,18.0,24.0,168.0
3168,97.4,56.0,16.0,136.0
2327,95.87,58.0,18.0,160.0
349,99.4,61.0,10.0,128.0
4204,102.42,54.0,24.0,136.0
3296,101.71,61.0,8.0,128.0
1000,95.79,52.0,24.0,120.0
4021,102.52,52.0,20.0,128.0
3029,91.98,18.0,18.0,120.0
2107,96.33,24.0,26.0,128.0
2733,97.35,27.0,16.0,136.0
1330,99.94,64.0,20.0,144.0
1023,99.0,60.0,28.0,128.0
2827,108.77,,33.0,168.0
4815,102.4,52.0,16.0,144.0
2893,88.8,,18.0,104.0
265,83.7,30.0,20.0,120.0
1349,,60.0,14.0,120.0
3590,112.18,20.0,26.0,168.0
4475,107.95,30.0,20.0,168.0
2811,112.41,53.0,18.0,112.0
1450,103.0,26.0,26.0,152.0
4624,91.86,20.0,24.0,136.0
2375,104.82,52.0,14.0,128.0
2527,111.43,55.0,18.0,152.0
1588,114.08,54.0,20.0,144.0
644,126.82,52.0,30.0,144.0
611,98.76,54.0,18.0,96.0
1367,114.01,57.0,20.0,160.0
3206,96.69,51.0,16.0,88.0
628,86.84,62.0,16.0,88.0
4653,91.75,55.0,14.0,88.0
119,112.08,54.0,24.0,168.0
610,,57.0,11.0,96.0
2337,79.74,53.0,20.0,112.0
146,78.38,58.0,12.0,80.0
2207,95.77,32.0,18.0,120.0
3622,95.14,53.0,22.0,96.0
2828,101.73,14.0,20.0,112.0
1271,94.53,57.0,18.0,128.0
3521,101.23,59.0,6.0,112.0
4801,97.83,31.0,18.0,120.0
3805,92.96,26.0,20.0,112.0
667,99.74,19.0,20.0,152.0
1095,101.58,57.0,22.0,112.0
2883,95.17,54.0,22.0,128.0
2639,92.53,27.0,20.0,96.0
3576,97.72,25.0,18.0,128.0
2895,101.09,29.0,,128.0
2204,104.75,52.0,25.0,152.0
2602,111.46,30.0,22.0,120.0
4590,97.99,63.0,16.0,128.0
1462,81.81,26.0,18.0,136.0
1331,109.7,55.0,24.0,104.0
2876,125.82,51.0,26.0,160.0
2252,102.18,25.0,22.0,128.0
3133,86.0,57.0,16.0,88.0
3365,101.97,20.0,28.0,120.0
1648,92.84,33.0,14.0,104.0
4133,94.27,27.0,22.0,136.0
4436,102.84,57.0,22.0,128.0
914,,30.0,20.0,104.0
1072,118.59,52.0,26.0,136.0
1336,95.78,56.0,20.0,136.0
3975,84.57,53.0,22.0,120.0
4942,93.84,20.0,24.0,128.0
2339,99.04,59.0,18.0,88.0
2849,105.69,56.0,20.0,96.0
4883,,30.0,20.0,112.0
323,110.82,31.0,22.0,128.0
3868,80.71,60.0,19.0,104.0
310,113.19,53.0,16.0,136.0
4684,105.78,56.0,16.0,152.0
4980,98.27,,22.0,128.0
3273,103.29,29.0,16.0,112.0
2101,92.82,58.0,20.0,112.0
2071,109.82,16.0,34.0,144.0
3020,99.67,21.0,20.0,96.0
2887,119.24,24.0,26.0,144.0
1415,102.53,25.0,22.0,120.0
2822,108.27,63.0,,152.0
2138,98.74,29.0,21.0,
390,104.43,21.0,18.0,176.0
2902,104.11,27.0,14.0,120.0
4,109.93,29.0,26.0,152.0
288,103.47,61.0,22.0,136.0
4231,91.17,51.0,14.0,144.0
434,89.4,,22.0,136.0
1404,,55.0,14.0,112.0
4212,106.34,59.0,16.0,104.0
789,108.8,58.0,16.0,112.0
241,110.65,31.0,24.0,128.0
3329,97.68,57.0,10.0,120.0
4500,99.55,63.0,12.0,152.0
4017,83.67,58.0,16.0,112.0
2634,109.81,58.0,20.0,144.0
3337,81.59,55.0,16.0,136.0
4835,88.58,32.0,16.0,112.0
1959,96.13,27.0,18.0,136.0
1497,86.38,52.0,8.0,112.0
749,106.58,21.0,26.0,144.0
1466,103.22,24.0,16.0,144.0
4082,101.28,30.0,18.0,120.0
832,87.72,68.0,8.0,96.0
3895,96.39,56.0,20.0,136.0
2469,94.97,63.0,10.0,120.0
2867,106.89,29.0,22.0,128.0
4038,93.94,27.0,24.0,120.0
902,114.21,28.0,24.0,112.0
2648,97.69,26.0,18.0,144.0
1868,95.47,54.0,20.0,128.0
939,118.56,30.0,30.0,104.0
3996,108.86,23.0,22.0,112.0
4149,105.45,30.0,22.0,160.0
74,100.85,57.0,22.0,136.0
1755,98.12,32.0,18.0,120.0
1907,93.59,52.0,12.0,120.0
2367,99.51,52.0,,120.0
4858,106.99,20.0,,144.0
177,102.1,61.0,16.0,128.0
1215,81.9,54.0,12.0,112.0
4052,96.9,51.0,18.0,144.0
1050,95.48,29.0,24.0,144.0
3851,82.87,31.0,20.0,104.0
325,100.81,19.0,26.0,152.0
3929,105.37,57.0,12.0,136.0
732,98.29,55.0,8.0,96.0
3873,94.13,52.0,22.0,112.0
29,74.75,25.0,24.0,128.0
2294,105.86,27.0,24.0,144.0
1612,,63.0,20.0,120.0
3778,103.17,29.0,20.0,128.0
2343,101.18,30.0,22.0,152.0
3712,82.85,30.0,20.0,104.0
4685,95.59,60.0,14.0,120.0
4985,88.96,49.0,12.0,96.0
1973,117.43,62.0,22.0,128.0
228,95.95,,20.0,128.0
4540,98.03,50.0,20.0,120.0
202,113.85,28.0,26.0,192.0
3322,95.44,29.0,22.0,112.0
360,97.25,25.0,,160.0
1904,93.98,29.0,18.0,128.0
4862,100.97,29.0,16.0,144.0
605,115.29,61.0,22.0,136.0
2050,99.61,28.0,19.0,128.0
322,105.18,58.0,26.0,136.0
4023,97.12,62.0,14.0,128.0
99,112.33,29.0,26.0,136.0
2302,103.35,27.0,26.0,104.0
2797,98.13,,22.0,144.0
4180,79.03,56.0,8.0,96.0
1595,103.05,54.0,24.0,136.0
3461,89.34,22.0,16.0,120.0
4274,98.3,31.0,24.0,128.0
835,101.98,57.0,26.0,104.0
3276,100.58,28.0,24.0,136.0
764,94.01,30.0,30.0,152.0
588,102.1,26.0,,128.0
4909,109.57,57.0,14.0,136.0
3024,103.02,26.0,24.0,144.0
4387,81.2,25.0,20.0,144.0
2906,94.95,52.0,14.0,160.0
2596,105.16,59.0,22.0,152.0
761,96.01,31.0,20.0,96.0
3353,106.44,52.0,18.0,160.0
3413,102.94,57.0,18.0,104.0
1647,118.27,56.0,20.0,120.0
825,89.8,20.0,20.0,144.0
4402,85.57,54.0,16.0,112.0
2720,120.07,54.0,30.0,120.0
54,105.04,52.0,26.0,88.0
4160,108.4,27.0,18.0,152.0
3316,98.57,21.0,18.0,104.0
3511,110.9,23.0,36.0,168.0
3108,100.04,25.0,26.0,128.0
3126,113.79,29.0,16.0,144.0
1377,82.95,61.0,16.0,104.0
3808,112.59,59.0,16.0,144.0
117,88.46,51.0,22.0,120.0
1606,117.93,51.0,26.0,152.0
4626,107.51,,20.0,112.0
3048,97.06,31.0,24.0,152.0
664,111.19,54.0,18.0,
3226,91.69,59.0,,112.0
2385,97.57,51.0,18.0,128.0
1769,105.72,29.0,28.0,160.0
1402,86.3,57.0,22.0,120.0
345,85.37,,14.0,144.0
3383,108.21,29.0,20.0,160.0
2490,99.66,55.0,10.0,160.0
671,100.13,62.0,16.0,136.0
718,80.83,53.0,12.0,128.0
2573,107.6,29.0,14.0,144.0
3249,98.28,24.0,20.0,120.0
1141,102.53,30.0,20.0,104.0
3237,87.26,29.0,22.0,120.0
4159,86.01,28.0,24.0,136.0
355,103.5,32.0,18.0,136.0
311,95.94,53.0,16.0,96.0
1642,,54.0,16.0,104.0
2941,102.78,58.0,14.0,96.0
2697,85.57,61.0,8.0,96.0
2352,108.58,25.0,24.0,136.0
1667,87.14,30.0,20.0,112.0
1206,101.5,27.0,20.0,160.0
3408,84.35,29.0,28.0,128.0
483,98.72,32.0,26.0,120.0
3748,102.9,58.0,14.0,168.0
899,115.21,28.0,18.0,120.0
1131,107.48,58.0,20.0,120.0
73,97.22,21.0,16.0,136.0
1987,105.06,29.0,18.0,112.0
954,104.12,18.0,24.0,144.0
2782,109.96,20.0,28.0,160.0
4012,103.74,28.0,14.0,152.0
2577,,31.0,22.0,112.0
4142,98.15,25.0,26.0,152.0
161,92.94,53.0,16.0,144.0
1932,104.67,25.0,26.0,128.0
4116,,53.0,14.0,120.0
1837,118.79,54.0,,152.0
1483,88.48,29.0,18.0,112.0
710,92.94,30.0,22.0,112.0
1800,104.7,33.0,24.0,144.0
1149,89.47,56.0,18.0,112.0
1340,92.79,52.0,11.0,112.0
2658,103.29,56.0,22.0,128.0
3326,103.83,50.0,14.0,168.0
3889,106.96,27.0,28.0,128.0
4550,86.96,26.0,26.0,104.0
1303,94.91,54.0,12.0,128.0
2838,87.58,60.0,8.0,96.0
4429,94.79,28.0,22.0,128.0
2173,89.58,31.0,24.0,144.0
2783,100.53,30.0,26.0,160.0
1737,,56.0,22.0,96.0
2342,92.39,25.0,18.0,104.0
1104,101.22,30.0,14.0,128.0
4567,95.54,57.0,20.0,128.0
3118,113.12,27.0,28.0,120.0
294,86.32,55.0,16.0,104.0
4706,111.17,54.0,18.0,136.0
2678,113.12,58.0,24.0,
2142,95.47,21.0,34.0,136.0
2042,97.57,51.0,21.0,112.0
143,,30.0,22.0,136.0
115,96.8,21.0,20.0,136.0
2511,96.49,54.0,18.0,136.0
3660,92.98,26.0,18.0,112.0
2377,98.76,30.0,20.0,128.0
1345,93.18,,18.0,88.0
2325,70.92,51.0,18.0,104.0
151,119.22,30.0,18.0,144.0
1451,100.44,54.0,25.0,128.0
1222,84.83,56.0,20.0,104.0
4447,114.17,27.0,28.0,128.0
3031,90.59,24.0,16.0,120.0
113,113.48,27.0,26.0,112.0
475,99.1,53.0,16.0,128.0
2813,88.27,25.0,22.0,80.0
4821,105.27,28.0,23.0,152.0
392,122.8,56.0,24.0,160.0
2894,103.37,28.0,18.0,120.0
3082,102.3,55.0,18.0,112.0
3046,92.95,51.0,22.0,136.0
1290,106.13,30.0,20.0,128.0
3899,94.37,62.0,14.0,112.0
3663,94.66,21.0,18.0,112.0
4489,89.13,27.0,18.0,120.0
3252,,58.0,14.0,112.0
3258,98.63,56.0,16.0,128.0
96,100.74,53.0,18.0,136.0
4043,116.16,29.0,28.0,
2316,98.64,25.0,18.0,112.0
3757,103.48,53.0,24.0,104.0
1692,98.15,29.0,24.0,112.0
2296,102.28,51.0,14.0,112.0
43,110.81,61.0,14.0,144.0
4579,104.11,25.0,18.0,120.0
1004,118.68,60.0,14.0,120.0
3864,105.27,52.0,24.0,144.0
338,100.38,53.0,19.0,120.0
1168,104.01,30.0,14.0,104.0
4803,91.91,56.0,14.0,96.0
1112,116.09,58.0,22.0,80.0
4148,104.6,58.0,22.0,144.0
3000,,,22.0,104.0
3488,90.25,25.0,12.0,152.0
3109,110.4,29.0,22.0,144.0
2361,108.4,53.0,22.0,152.0
4311,100.12,29.0,22.0,136.0
666,95.59,20.0,21.0,136.0
2120,91.32,53.0,18.0,144.0
4376,126.84,58.0,18.0,128.0
4741,82.21,26.0,14.0,112.0
2559,122.45,19.0,22.0,144.0
1756,86.76,29.0,18.0,112.0
1357,99.03,29.0,18.0,80.0
3693,91.0,21.0,26.0,144.0
4750,89.31,25.0,22.0,120.0
1166,95.68,53.0,18.0,136.0
3506,122.72,30.0,28.0,136.0
3988,90.12,58.0,22.0,96.0
374,,55.0,20.0,168.0
2278,103.78,62.0,12.0,128.0
2266,105.74,53.0,22.0,136.0
1071,107.19,59.0,16.0,128.0
4303,87.82,57.0,12.0,120.0
4605,106.69,26.0,22.0,152.0
1587,99.88,29.0,22.0,96.0
827,105.89,25.0,24.0,144.0
1611,121.51,,,144.0
606,91.37,54.0,12.0,128.0
321,97.17,62.0,20.0,128.0
4877,99.37,57.0,24.0,104.0
2944,109.14,51.0,22.0,136.0
4837,104.64,56.0,22.0,120.0
4635,106.63,32.0,14.0,144.0
358,93.97,56.0,14.0,120.0
1933,105.46,51.0,20.0,128.0
208,103.36,51.0,8.0,120.0
3308,97.97,52.0,10.0,136.0
1379,95.75,27.0,24.0,136.0
3474,106.85,27.0,,152.0
3938,103.26,53.0,13.0,128.0
4722,76.15,33.0,12.0,120.0
3742,101.59,54.0,20.0,128.0
4826,106.15,27.0,19.0,144.0
3571,107.42,20.0,28.0,160.0
2241,88.47,56.0,18.0,120.0
4813,85.79,28.0,20.0,
3423,108.21,52.0,24.0,104.0
4597,103.32,59.0,20.0,120.0
3915,,55.0,18.0,168.0
2512,82.4,54.0,14.0,136.0
3379,90.62,32.0,22.0,136.0
231,100.97,28.0,18.0,144.0
232,111.77,26.0,22.0,136.0
4503,99.29,26.0,24.0,136.0
411,104.4,56.0,20.0,144.0
4562,88.33,53.0,,120.0
1228,93.42,59.0,18.0,144.0
2013,103.62,50.0,12.0,120.0
1520,111.11,29.0,20.0,120.0
4392,104.91,60.0,18.0,112.0
746,91.73,26.0,24.0,
730,102.03,29.0,24.0,144.0
4123,105.5,,18.0,144.0
3847,103.4,31.0,16.0,112.0
1510,101.1,31.0,18.0,144.0
4281,98.92,28.0,14.0,120.0
2391,110.27,54.0,34.0,104.0
3982,91.37,29.0,16.0,152.0
1665,103.68,55.0,16.0,120.0
2111,97.95,52.0,24.0,96.0
1832,103.08,61.0,16.0,120.0
1325,95.75,56.0,22.0,152.0
2855,86.62,58.0,14.0,112.0
754,88.35,32.0,16.0,120.0
4919,,55.0,10.0,152.0
4423,98.97,32.0,16.0,120.0
3390,104.53,54.0,20.0,96.0
1717,100.57,24.0,18.0,152.0
2994,93.93,55.0,22.0,104.0
1786,101.68,27.0,23.0,112.0
320,120.02,17.0,28.0,144.0
4501,,29.0,24.0,160.0
3701,96.76,60.0,16.0,128.0
4981,104.1,55.0,14.0,120.0
4363,108.78,15.0,28.0,128.0
4210,107.99,57.0,20.0,120.0
4003,100.28,51.0,20.0,112.0
4786,105.12,58.0,19.0,112.0
3900,114.35,28.0,26.0,128.0
2844,99.1,30.0,14.0,152.0
2761,114.09,51.0,26.0,152.0
3439,112.88,25.0,24.0,136.0
4789,98.8,51.0,14.0,112.0
3489,103.99,30.0,28.0,168.0
3970,98.54,19.0,26.0,104.0
1575,88.36,52.0,10.0,144.0
1888,104.89,63.0,16.0,136.0
233,103.45,29.0,24.0,152.0
1767,91.74,21.0,26.0,136.0
509,91.64,23.0,8.0,112.0
549,104.1,55.0,18.0,104.0
512,98.9,27.0,26.0,104.0
2189,85.83,58.0,20.0,112.0
4583,108.17,30.0,24.0,160.0
455,88.62,26.0,16.0,72.0
1084,110.44,55.0,20.0,160.0
1392,89.19,27.0,16.0,88.0
2423,113.72,,22.0,144.0
4102,96.43,56.0,22.0,128.0
3945,99.94,26.0,34.0,136.0
1280,111.44,59.0,18.0,160.0
660,110.36,24.0,30.0,120.0
783,90.7,55.0,12.0,160.0
4491,96.3,58.0,8.0,128.0
234,110.82,50.0,20.0,144.0
3933,103.11,58.0,22.0,104.0
3228,78.7,25.0,8.0,88.0
504,106.17,,26.0,144.0
2759,111.59,29.0,24.0,136.0
3853,96.94,53.0,24.0,120.0
909,85.73,14.0,22.0,176.0
2015,89.83,28.0,18.0,128.0
634,91.07,27.0,26.0,112.0
3469,82.78,55.0,16.0,88.0
1137,103.88,53.0,22.0,128.0
1117,95.81,56.0,14.0,104.0
4955,93.76,30.0,26.0,
1758,101.87,57.0,20.0,112.0
2494,105.22,29.0,26.0,120.0
4962,96.5,26.0,28.0,144.0
820,91.95,60.0,12.0,96.0
4951,100.81,21.0,26.0,120.0
1401,104.34,51.0,16.0,160.0
1687,104.29,61.0,20.0,160.0
3775,89.74,29.0,22.0,136.0
33,92.99,54.0,16.0,112.0
3021,97.76,54.0,16.0,104.0
2907,86.54,60.0,18.0,112.0
3407,100.98,29.0,18.0,152.0
3994,103.58,64.0,14.0,88.0
3594,85.25,32.0,,168.0
1044,107.12,54.0,24.0,136.0
3803,106.87,54.0,12.0,120.0
3222,107.58,62.0,20.0,128.0
1099,90.57,54.0,22.0,112.0
4954,83.2,57.0,10.0,128.0
3262,90.75,58.0,15.0,
482,,22.0,24.0,120.0
64,101.69,53.0,30.0,136.0
1016,111.93,58.0,26.0,136.0
2955,98.0,54.0,22.0,152.0
1285,103.43,50.0,16.0,
4182,98.15,56.0,,120.0
4888,96.28,30.0,14.0,144.0
1656,90.65,25.0,22.0,152.0
1255,80.1,22.0,20.0,96.0
2742,94.16,58.0,18.0,104.0
4020,100.6,57.0,24.0,120.0
3928,96.97,57.0,14.0,120.0
4561,106.2,27.0,22.0,136.0
1172,104.67,20.0,23.0,128.0
4776,115.9,54.0,20.0,128.0
2228,84.53,27.0,18.0,128.0
2165,92.46,58.0,18.0,160.0
171,82.39,33.0,16.0,104.0
3366,103.75,57.0,12.0,120.0
3733,,51.0,24.0,136.0
3070,91.08,24.0,14.0,144.0
941,,18.0,26.0,136.0
140,87.45,55.0,20.0,104.0
2819,110.03,53.0,22.0,160.0
118,100.53,22.0,30.0,136.0
4886,102.1,53.0,,120.0
775,98.01,23.0,20.0,128.0
2210,103.48,29.0,18.0,136.0
2766,106.5,,22.0,120.0
4601,106.87,31.0,18.0,160.0
893,104.7,63.0,24.0,144.0
2963,107.39,31.0,26.0,136.0
3943,99.35,55.0,14.0,104.0
11,95.95,23.0,20.0,152.0
2951,101.18,60.0,11.0,144.0
4714,108.5,22.0,24.0,120.0
992,88.51,67.0,12.0,88.0
2705,120.18,53.0,20.0,144.0
4736,93.52,28.0,20.0,128.0
4936,122.8,31.0,22.0,128.0
925,88.65,52.0,16.0,136.0
255,107.97,58.0,20.0,128.0
2785,103.0,27.0,24.0,112.0
3807,84.73,29.0,18.0,136.0
4751,101.88,26.0,26.0,168.0
1396,,27.0,24.0,152.0
487,101.32,28.0,20.0,136.0
4999,99.44,24.0,24.0,120.0
3832,92.97,54.0,22.0,120.0
416,92.75,31.0,22.0,128.0
1632,89.41,62.0,20.0,
3774,113.63,26.0,20.0,128.0
1958,115.51,59.0,26.0,104.0
488,112.56,57.0,16.0,104.0
337,,53.0,,128.0
2291,,29.0,28.0,128.0
3702,88.07,24.0,26.0,136.0
1322,118.99,54.0,30.0,152.0
4309,91.17,55.0,22.0,128.0
1468,102.65,50.0,20.0,88.0
2403,100.34,58.0,20.0,160.0
1013,114.44,57.0,26.0,152.0
3050,,29.0,16.0,112.0
2539,88.72,57.0,16.0,112.0
3971,104.2,27.0,12.0,160.0
81,88.93,26.0,30.0,120.0
589,95.18,27.0,22.0,128.0
1069,106.79,25.0,24.0,136.0
654,102.65,53.0,24.0,120.0
4984,101.76,32.0,20.0,112.0
1270,110.63,55.0,22.0,112.0
1820,115.51,63.0,18.0,136.0
1791,93.05,50.0,24.0,112.0
3777,94.24,56.0,16.0,136.0
880,106.3,22.0,32.0,144.0
472,91.8,54.0,20.0,144.0
3201,99.66,29.0,24.0,160.0
1275,84.33,24.0,28.0,120.0
2808,83.63,51.0,24.0,96.0
1867,97.73,24.0,16.0,144.0
2874,109.26,26.0,24.0,152.0
4335,107.66,55.0,14.0,112.0
2582,104.49,49.0,20.0,128.0
521,106.65,56.0,26.0,104.0
385,87.2,23.0,26.0,88.0
3218,103.5,26.0,26.0,152.0
4467,102.39,65.0,12.0,144.0
1727,79.22,27.0,18.0,104.0
1757,89.76,54.0,24.0,88.0
874,89.14,53.0,20.0,112.0
4737,90.13,29.0,22.0,120.0
2237,99.39,27.0,22.0,112.0
1797,114.52,52.0,22.0,144.0
990,106.69,55.0,20.0,128.0
4766,100.13,58.0,18.0,112.0
439,98.39,59.0,10.0,144.0
4301,96.22,51.0,16.0,144.0
3259,103.84,29.0,20.0,136.0
3342,109.3,23.0,28.0,152.0
3251,,62.0,8.0,80.0
2310,99.3,29.0,14.0,96.0
1516,93.5,58.0,18.0,
3198,107.62,22.0,26.0,144.0
657,108.44,23.0,32.0,160.0
4903,109.45,54.0,16.0,128.0
1018,91.94,60.0,16.0,112.0
3001,119.45,,20.0,152.0
759,113.62,55.0,22.0,112.0
2311,88.32,54.0,,72.0
3617,108.39,29.0,24.0,96.0
3575,91.16,55.0,20.0,128.0
612,105.64,28.0,30.0,144.0
135,82.47,28.0,18.0,104.0
1106,89.76,59.0,18.0,120.0
2686,103.36,54.0,18.0,152.0
2685,93.9,24.0,14.0,104.0
3930,103.99,29.0,24.0,96.0
3954,125.16,54.0,30.0,144.0
2436,100.99,28.0,22.0,104.0
4243,89.03,53.0,14.0,128.0
2006,118.37,26.0,28.0,136.0
3294,105.56,32.0,24.0,152.0
4852,101.75,54.0,18.0,168.0
6,101.24,51.0,26.0,136.0
3163,96.01,50.0,28.0,96.0
4283,88.15,56.0,12.0,88.0
651,102.64,27.0,20.0,88.0
98,83.57,51.0,16.0,128.0
3358,86.32,60.0,20.0,104.0
362,96.34,31.0,20.0,144.0
2365,119.24,18.0,36.0,128.0
3285,90.81,25.0,22.0,112.0
2788,118.5,53.0,22.0,152.0
1660,99.26,27.0,22.0,120.0
182,107.4,22.0,20.0,128.0
1032,99.07,16.0,26.0,176.0
2890,104.87,60.0,22.0,120.0
2178,80.86,56.0,22.0,120.0
2913,88.34,28.0,14.0,152.0
1872,99.76,29.0,18.0,144.0
3017,98.4,53.0,22.0,128.0
2091,92.05,55.0,16.0,160.0
2531,,26.0,22.0,136.0
2829,86.42,55.0,16.0,128.0
2346,115.36,22.0,34.0,128.0
3559,105.67,21.0,24.0,136.0
4371,97.09,54.0,18.0,152.0
1020,101.43,29.0,26.0,104.0
3810,101.94,53.0,20.0,112.0
4107,102.66,21.0,24.0,136.0
950,108.92,26.0,20.0,136.0
2763,101.0,20.0,21.0,136.0
4292,100.19,,20.0,136.0
2879,81.19,23.0,20.0,112.0
1619,94.41,28.0,21.0,128.0
3242,104.95,29.0,18.0,128.0
2846,83.13,53.0,20.0,120.0
2373,85.68,22.0,22.0,136.0
3998,104.61,57.0,16.0,136.0
3410,97.36,29.0,14.0,128.0
4088,119.95,58.0,16.0,120.0
4759,86.5,56.0,16.0,96.0
1743,95.88,55.0,18.0,120.0
4174,109.9,25.0,34.0,112.0
3834,111.53,28.0,28.0,120.0
4518,102.09,28.0,16.0,136.0
4920,108.28,64.0,16.0,136.0
1956,108.03,56.0,20.0,136.0
4131,99.22,29.0,25.0,128.0
2426,100.06,30.0,26.0,152.0
3830,109.88,53.0,20.0,96.0
3446,106.04,30.0,22.0,152.0
264,90.85,29.0,20.0,144.0
3402,86.48,56.0,12.0,128.0
435,110.6,30.0,26.0,136.0
4006,97.4,28.0,22.0,104.0
4232,103.61,27.0,16.0,136.0
4186,87.36,52.0,18.0,112.0
1398,107.11,29.0,24.0,136.0
4847,100.84,60.0,23.0,112.0
4409,109.95,53.0,22.0,136.0
3986,87.96,30.0,20.0,136.0
39,100.06,59.0,16.0,128.0
3454,106.47,28.0,24.0,144.0
890,98.1,53.0,20.0,128.0
3666,90.97,57.0,16.0,120.0
879,110.0,60.0,24.0,168.0
4141,108.87,26.0,18.0,160.0
2123,89.17,52.0,16.0,160.0
2301,,53.0,24.0,168.0
1938,91.91,59.0,12.0,120.0
4521,87.17,23.0,28.0,136.0
755,96.24,29.0,20.0,152.0
774,95.85,24.0,24.0,112.0
3263,98.87,51.0,12.0,96.0
1028,111.05,31.0,24.0,152.0
2212,106.52,29.0,22.0,120.0
2174,95.65,54.0,24.0,144.0
2767,110.72,57.0,24.0,168.0
4686,98.57,55.0,12.0,144.0
1708,108.46,27.0,26.0,120.0
4135,76.49,26.0,20.0,120.0
1308,108.13,29.0,22.0,136.0
2313,90.3,59.0,16.0,120.0
3058,88.24,26.0,22.0,152.0
592,89.59,50.0,14.0,152.0
1492,112.09,27.0,22.0,144.0
4486,,25.0,20.0,144.0
49,87.58,57.0,16.0,112.0
4859,99.53,49.0,18.0,120.0
2967,106.49,52.0,21.0,120.0
120,97.58,60.0,12.0,104.0
26,94.27,28.0,23.0,152.0
183,112.5,22.0,26.0,144.0
2794,112.02,58.0,16.0,120.0
1420,99.64,,22.0,96.0
1409,101.63,25.0,24.0,120.0
3463,97.52,27.0,25.0,120.0
1109,89.47,52.0,16.0,96.0
859,90.68,57.0,12.0,112.0
4407,116.51,24.0,30.0,160.0
333,106.73,53.0,16.0,128.0
194,86.74,28.0,8.0,144.0
2654,83.11,55.0,19.0,144.0
2608,101.1,58.0,16.0,96.0
317,99.16,29.0,26.0,136.0
3027,91.41,61.0,12.0,104.0
4026,99.55,21.0,26.0,128.0
870,90.45,59.0,18.0,104.0
4372,88.77,54.0,22.0,112.0
2498,84.93,33.0,20.0,120.0
4066,90.18,28.0,14.0,104.0
400,107.63,60.0,8.0,112.0
1115,90.26,28.0,18.0,136.0
1040,111.78,60.0,14.0,144.0
2059,112.85,57.0,18.0,152.0
4499,109.47,52.0,22.0,136.0
1845,123.39,30.0,24.0,160.0
1328,117.17,27.0,26.0,128.0
1248,89.13,57.0,14.0,128.0
4967,120.28,57.0,14.0,128.0
668,120.49,52.0,22.0,112.0
1418,96.0,,16.0,152.0
1814,86.76,58.0,14.0,144.0
4607,93.39,26.0,26.0,120.0
4213,83.41,24.0,18.0,136.0
3529,105.55,55.0,18.0,152.0
1898,100.05,26.0,20.0,128.0
3888,107.75,54.0,22.0,144.0
731,106.29,28.0,18.0,136.0
1793,101.14,52.0,,144.0
3438,98.24,51.0,22.0,128.0
3037,111.28,55.0,16.0,152.0
956,90.92,53.0,14.0,112.0
1014,112.58,58.0,22.0,112.0
4086,98.79,57.0,22.0,112.0
2640,113.96,55.0,24.0,120.0
4559,92.26,29.0,18.0,120.0
1449,93.76,57.0,16.0,136.0
2914,111.5,57.0,18.0,128.0
403,109.11,22.0,20.0,144.0
4882,,52.0,23.0,120.0
2363,99.26,28.0,16.0,128.0
3268,100.32,54.0,18.0,96.0
123,106.17,63.0,14.0,120.0
998,89.21,56.0,17.0,144.0
4881,105.22,55.0,16.0,144.0
4639,100.35,59.0,24.0,136.0
312,103.39,61.0,14.0,128.0
1528,104.28,30.0,24.0,104.0
947,104.55,63.0,28.0,112.0
2734,111.27,28.0,26.0,120.0
897,103.98,26.0,22.0,160.0
4945,99.84,26.0,18.0,136.0
1279,99.46,54.0,22.0,144.0
4505,88.42,53.0,12.0,120.0
2345,90.3,30.0,,136.0
4833,109.65,51.0,20.0,128.0
2563,103.04,20.0,26.0,144.0
750,106.16,52.0,14.0,144.0
3951,83.72,52.0,18.0,104.0
985,109.03,25.0,26.0,160.0
4253,104.38,52.0,16.0,144.0
2329,106.33,18.0,30.0,144.0
2676,93.83,31.0,18.0,128.0
550,105.39,60.0,15.0,176.0
777,100.37,52.0,22.0,128.0
1669,,32.0,28.0,128.0
1189,93.25,18.0,,128.0
309,102.69,27.0,22.0,88.0
19,94.16,52.0,16.0,112.0
3367,113.34,56.0,22.0,168.0
4480,125.97,23.0,24.0,160.0
4176,108.41,53.0,16.0,128.0
792,104.79,25.0,22.0,136.0
1097,94.39,24.0,20.0,128.0
2221,109.12,59.0,20.0,104.0
4338,101.44,31.0,16.0,160.0
4317,107.54,24.0,28.0,112.0
1621,86.0,54.0,14.0,112.0
4339,92.1,20.0,24.0,128.0
88,97.9,21.0,24.0,
1010,113.81,31.0,18.0,144.0
3445,103.68,53.0,22.0,144.0
4860,102.54,24.0,26.0,128.0
3789,99.47,52.0,22.0,144.0
124,90.2,59.0,14.0,96.0
2881,102.59,65.0,16.0,112.0
756,93.08,21.0,26.0,128.0
3193,103.14,58.0,20.0,112.0
2945,109.66,52.0,18.0,160.0
2471,91.3,,18.0,136.0
2507,98.86,57.0,20.0,128.0
735,93.78,60.0,18.0,112.0
2954,90.5,53.0,12.0,128.0
1663,103.27,,12.0,120.0
2103,100.79,52.0,12.0,112.0
4479,95.47,26.0,22.0,144.0
2872,93.59,56.0,22.0,120.0
4677,105.79,32.0,20.0,120.0
1784,95.53,53.0,20.0,104.0
1475,112.02,23.0,28.0,168.0
2427,93.67,53.0,14.0,120.0
63,121.04,52.0,26.0,144.0
3823,98.36,25.0,22.0,128.0
1236,108.7,54.0,16.0,136.0
3695,103.16,52.0,22.0,128.0
4164,110.31,60.0,20.0,128.0
3265,107.79,55.0,14.0,120.0
2444,110.5,20.0,28.0,144.0
1078,103.25,51.0,20.0,120.0
1257,114.22,20.0,30.0,144.0
3398,107.43,53.0,20.0,128.0
2018,116.11,61.0,24.0,96.0
2216,99.21,24.0,18.0,160.0
1592,104.62,26.0,18.0,128.0
2716,100.26,52.0,24.0,120.0
3920,105.5,26.0,24.0,136.0
1384,,31.0,17.0,128.0
2476,111.19,30.0,22.0,144.0
2641,94.38,51.0,20.0,128.0
1759,83.68,28.0,16.0,136.0
2663,102.05,58.0,12.0,120.0
3692,100.76,56.0,,104.0
3771,87.4,51.0,16.0,128.0
1212,,54.0,20.0,112.0
2534,115.89,52.0,24.0,136.0
799,108.21,31.0,26.0,112.0
2664,94.34,31.0,22.0,120.0
1881,94.35,28.0,18.0,160.0
1951,94.65,57.0,18.0,128.0
923,95.94,29.0,24.0,120.0
1237,108.68,59.0,22.0,104.0
4566,97.2,18.0,26.0,160.0
2519,87.24,22.0,16.0,152.0
1582,105.29,54.0,24.0,136.0
2338,93.23,52.0,16.0,104.0
384,99.88,25.0,20.0,96.0
4891,91.75,28.0,24.0,120.0
3892,109.01,29.0,24.0,168.0
484,119.43,52.0,22.0,168.0
1284,91.16,56.0,12.0,112.0
156,101.24,54.0,22.0,136.0
4421,98.56,50.0,18.0,136.0
4199,77.36,54.0,8.0,104.0
3227,104.34,57.0,14.0,160.0
2090,127.75,56.0,26.0,184.0
2684,97.64,25.0,20.0,120.0
47,92.06,24.0,20.0,136.0
1015,109.17,55.0,26.0,120.0
406,85.48,57.0,14.0,104.0
448,103.86,29.0,20.0,136.0
2258,,61.0,8.0,
2627,86.98,21.0,,112.0
4979,95.7,50.0,20.0,120.0
4326,,28.0,26.0,144.0
3039,86.28,56.0,18.0,120.0
2065,,27.0,18.0,
4094,,50.0,24.0,112.0
2587,100.92,53.0,18.0,128.0
1160,109.48,23.0,26.0,128.0
741,113.25,54.0,22.0,112.0
3624,103.99,51.0,18.0,160.0
2990,,58.0,10.0,128.0
3755,98.76,60.0,16.0,112.0
3736,102.4,,22.0,112.0
672,,64.0,18.0,112.0
3416,96.62,24.0,22.0,120.0
2809,96.08,51.0,18.0,120.0
1086,110.63,61.0,26.0,136.0
1309,102.73,53.0,15.0,152.0
2924,95.96,28.0,24.0,104.0
160,,57.0,16.0,128.0
1995,102.74,27.0,24.0,152.0
4068,75.09,61.0,8.0,72.0
4931,102.89,29.0,16.0,120.0
3164,112.1,54.0,31.0,152.0
2593,101.75,55.0,20.0,136.0
4276,110.11,53.0,26.0,120.0
3153,109.01,24.0,24.0,144.0
3661,96.32,26.0,26.0,152.0
1252,95.11,57.0,20.0,120.0
4271,110.94,31.0,22.0,144.0
3569,75.01,28.0,16.0,112.0
4323,89.91,25.0,20.0,96.0
379,103.0,56.0,22.0,128.0
3357,99.45,21.0,30.0,136.0
3122,111.41,59.0,16.0,112.0
282,99.31,23.0,16.0,136.0
4619,90.21,32.0,24.0,96.0
2279,109.83,54.0,20.0,112.0
3406,89.92,58.0,12.0,136.0
995,117.37,31.0,20.0,144.0
639,98.31,22.0,22.0,152.0
4458,93.3,25.0,26.0,128.0
3217,97.57,30.0,24.0,128.0
2694,85.42,52.0,10.0,128.0
4582,115.4,29.0,22.0,168.0
4496,107.61,27.0,20.0,160.0
4152,116.8,63.0,24.0,120.0
278,101.91,58.0,14.0,128.0
3348,87.82,22.0,22.0,136.0
268,113.04,26.0,22.0,104.0
1732,79.7,53.0,18.0,104.0
2034,83.43,29.0,14.0,120.0
1208,88.27,24.0,30.0,152.0
3464,,26.0,20.0,152.0
4912,91.19,29.0,14.0,120.0
905,93.56,28.0,16.0,
1618,92.76,58.0,14.0,120.0
3620,103.64,60.0,18.0,160.0
2286,95.33,29.0,30.0,112.0
111,100.21,59.0,20.0,128.0
1258,107.64,55.0,28.0,112.0
2845,95.2,27.0,18.0,144.0
4652,90.02,30.0,22.0,128.0
1456,100.9,55.0,20.0,128.0
4958,109.23,24.0,24.0,120.0
3812,91.42,28.0,24.0,
2425,,54.0,6.0,112.0
1356,102.31,55.0,28.0,128.0
3496,103.31,55.0,14.0,152.0
3274,84.73,54.0,24.0,
2786,98.45,53.0,26.0,152.0
3817,93.65,30.0,15.0,112.0
4570,120.08,22.0,32.0,120.0
4769,120.11,55.0,28.0,160.0
772,86.82,26.0,16.0,112.0
2575,84.32,52.0,16.0,96.0
2016,,28.0,18.0,128.0
4138,96.35,53.0,20.0,104.0
1393,94.05,20.0,18.0,160.0
918,104.46,55.0,20.0,120.0
4552,96.32,52.0,20.0,96.0
4334,102.15,67.0,14.0,128.0
3965,95.61,23.0,28.0,128.0
4780,79.9,29.0,15.0,104.0
4631,84.04,56.0,18.0,104.0
2770,103.14,56.0,22.0,136.0
3457,,31.0,14.0,
3698,113.0,27.0,24.0,152.0
2058,108.7,25.0,20.0,120.0
837,90.4,25.0,20.0,88.0
3127,87.49,55.0,18.0,112.0
1220,88.46,17.0,20.0,
1826,96.73,27.0,22.0,136.0
1741,86.22,54.0,22.0,80.0
3989,111.49,31.0,24.0,104.0
4045,99.74,57.0,14.0,112.0
3824,87.96,25.0,16.0,112.0
4146,112.02,29.0,16.0,136.0
526,98.17,54.0,8.0,120.0
4295,96.74,60.0,18.0,112.0
3646,73.62,50.0,16.0,128.0
704,,27.0,24.0,128.0
564,96.73,,,136.0
4154,96.25,29.0,26.0,128.0
652,113.65,28.0,27.0,152.0
3734,,56.0,20.0,104.0
1440,108.14,50.0,,128.0
1794,77.26,51.0,18.0,88.0
4878,103.53,,24.0,120.0
4599,102.95,24.0,20.0,144.0
324,96.91,26.0,16.0,
4929,112.81,52.0,26.0,136.0
4308,99.84,25.0,20.0,128.0
4625,93.45,55.0,26.0,112.0
1348,100.83,30.0,22.0,120.0
940,108.55,29.0,23.0,120.0
4320,106.82,55.0,20.0,96.0
533,75.02,24.0,22.0,120.0
1815,106.39,61.0,18.0,136.0
4703,108.96,52.0,24.0,88.0
607,98.54,,16.0,136.0
4633,98.41,21.0,24.0,136.0
3796,126.19,29.0,24.0,128.0
2402,92.86,23.0,22.0,104.0
4118,97.27,56.0,20.0,144.0
696,114.72,52.0,26.0,144.0
2077,105.22,54.0,16.0,136.0
10,,59.0,16.0,128.0
4064,117.7,28.0,20.0,176.0
4748,99.32,27.0,20.0,104.0
1573,89.95,57.0,16.0,112.0
2725,89.4,52.0,20.0,112.0
1167,79.92,57.0,15.0,120.0
3603,96.53,18.0,26.0,136.0
1489,87.08,29.0,24.0,136.0
2028,101.76,30.0,14.0,128.0
2244,91.08,30.0,20.0,112.0
1511,98.07,56.0,14.0,96.0
4342,101.28,52.0,18.0,112.0
4040,103.06,54.0,24.0,136.0
3425,91.81,57.0,12.0,
2939,98.99,65.0,14.0,128.0
4739,102.14,27.0,22.0,136.0
4557,102.75,23.0,16.0,152.0
4260,119.41,25.0,28.0,176.0
2673,116.03,21.0,32.0,136.0
3347,,29.0,14.0,168.0
2949,111.63,58.0,18.0,128.0
620,76.75,55.0,10.0,104.0
788,105.66,18.0,28.0,144.0
1096,110.93,28.0,20.0,256.0
496,107.36,54.0,22.0,144.0
1066,102.43,54.0,12.0,152.0
2927,99.23,58.0,18.0,128.0
645,105.43,57.0,20.0,144.0
4498,107.08,30.0,22.0,160.0
3729,109.92,29.0,26.0,120.0
2109,,28.0,23.0,104.0
93,98.41,,26.0,120.0
1122,98.98,62.0,12.0,128.0
3141,108.5,23.0,24.0,144.0
4849,90.93,20.0,26.0,112.0
4996,107.33,63.0,10.0,168.0
3516,99.56,26.0,16.0,
3641,92.79,59.0,16.0,120.0
4324,107.94,32.0,21.0,144.0
3825,91.09,59.0,16.0,112.0
1079,93.34,26.0,20.0,128.0
4267,104.3,58.0,15.0,120.0
3098,88.43,52.0,14.0,104.0
3102,116.49,66.0,28.0,136.0
546,101.05,27.0,28.0,112.0
2348,94.94,31.0,18.0,104.0
1620,126.35,57.0,30.0,168.0
3076,116.08,32.0,22.0,152.0
2479,92.51,57.0,16.0,152.0
649,99.0,54.0,,144.0
2298,106.9,64.0,18.0,
4544,115.77,51.0,28.0,128.0
3855,91.45,23.0,,120.0
1293,102.75,31.0,30.0,112.0
548,96.68,50.0,22.0,128.0
2093,102.1,55.0,16.0,136.0
4922,95.21,51.0,18.0,136.0
1057,116.23,24.0,32.0,160.0
574,,59.0,14.0,104.0
2612,102.58,,18.0,88.0
3672,111.57,23.0,26.0,152.0
459,93.02,25.0,14.0,136.0
2213,107.54,25.0,26.0,112.0
3414,101.38,59.0,18.0,120.0
4771,84.97,62.0,20.0,112.0
3963,91.85,59.0,6.0,152.0
2349,94.4,34.0,24.0,144.0
3213,105.04,52.0,24.0,128.0
590,104.24,57.0,20.0,128.0
3212,89.19,53.0,12.0,136.0
2982,97.68,53.0,14.0,104.0
1682,103.71,58.0,20.0,144.0
1610,104.97,31.0,16.0,136.0
4382,104.62,,24.0,128.0
3424,105.77,30.0,22.0,160.0
624,103.76,27.0,20.0,128.0
2728,94.92,26.0,24.0,128.0
4300,88.92,29.0,22.0,144.0
4661,87.41,27.0,24.0,136.0
2792,106.41,31.0,25.0,112.0
878,112.0,51.0,20.0,112.0
703,96.83,23.0,12.0,136.0
4651,121.32,51.0,24.0,144.0
1198,,54.0,14.0,144.0
1107,94.59,26.0,18.0,144.0
3785,84.7,52.0,16.0,112.0
4914,95.18,28.0,16.0,160.0
1894,103.39,26.0,24.0,136.0
2304,116.24,30.0,22.0,168.0
4476,81.95,58.0,10.0,120.0
4754,109.15,17.0,,128.0
3067,104.86,23.0,28.0,136.0
1594,107.14,25.0,24.0,128.0
2585,86.41,,18.0,104.0
2480,103.76,23.0,18.0,168.0
2503,89.13,56.0,12.0,120.0
3038,102.46,24.0,26.0,152.0
1181,103.33,60.0,,104.0
2482,102.88,24.0,20.0,120.0
2599,109.66,56.0,22.0,144.0
4840,102.26,29.0,24.0,112.0
3352,97.16,31.0,22.0,168.0
3494,113.89,52.0,18.0,128.0
3601,111.47,53.0,20.0,112.0
1193,104.11,26.0,24.0,128.0
2962,83.14,27.0,12.0,104.0
2467,94.49,54.0,,152.0
805,89.78,31.0,18.0,120.0
838,92.93,55.0,12.0,152.0
3791,111.9,58.0,18.0,144.0
3453,102.93,28.0,24.0,168.0
615,91.67,30.0,24.0,136.0
3754,121.08,59.0,16.0,128.0
4856,97.23,29.0,20.0,112.0
1075,97.12,26.0,24.0,144.0
578,,68.0,16.0,120.0
1399,111.34,26.0,20.0,136.0
1383,102.03,29.0,20.0,120.0
2172,85.33,60.0,20.0,128.0
2905,113.63,58.0,16.0,136.0
2564,98.21,49.0,18.0,120.0
682,99.52,56.0,22.0,96.0
1118,98.22,19.0,20.0,144.0
565,104.45,50.0,16.0,104.0
575,110.78,27.0,26.0,88.0
2803,95.58,57.0,12.0,112.0
4733,115.08,29.0,30.0,160.0
3894,98.83,59.0,12.0,136.0
4289,96.14,61.0,14.0,112.0
2062,,61.0,20.0,128.0
2749,,19.0,28.0,136.0
1289,85.2,54.0,20.0,112.0
2195,106.65,63.0,16.0,144.0
4865,,54.0,16.0,144.0
1493,93.38,62.0,12.0,80.0
2224,120.22,26.0,18.0,152.0
1968,91.39,53.0,18.0,128.0
3084,105.72,31.0,28.0,152.0
2074,111.39,28.0,28.0,136.0
1673,113.43,55.0,22.0,112.0
393,94.98,56.0,18.0,72.0
1942,112.37,27.0,24.0,120.0
2938,97.12,55.0,16.0,128.0
797,92.66,59.0,12.0,104.0
2073,,25.0,20.0,136.0
2544,101.28,60.0,16.0,144.0
1326,101.93,54.0,11.0,128.0
3341,105.67,56.0,18.0,112.0
3583,101.94,30.0,16.0,152.0
769,100.24,58.0,18.0,128.0
4784,83.23,60.0,16.0,112.0
188,105.55,52.0,14.0,112.0
3282,105.62,27.0,22.0,128.0
1163,109.76,57.0,24.0,112.0
4019,109.47,21.0,31.0,152.0
4058,91.6,54.0,22.0,120.0
1746,92.78,62.0,14.0,128.0
4049,91.34,52.0,18.0,88.0
815,96.52,20.0,20.0,176.0
2113,105.04,50.0,24.0,120.0
4457,100.08,63.0,16.0,104.0
2525,107.14,,14.0,144.0
4517,92.97,27.0,14.0,152.0
3756,92.34,48.0,23.0,72.0
499,102.1,53.0,24.0,144.0
1572,114.14,,28.0,136.0
164,91.48,55.0,20.0,136.0
2408,121.78,53.0,22.0,136.0
53,94.39,53.0,16.0,112.0
4165,82.83,53.0,14.0,88.0
4683,115.56,54.0,18.0,168.0
4798,85.86,25.0,24.0,136.0
2787,117.25,21.0,28.0,128.0
1164,101.23,51.0,22.0,120.0
2916,106.68,29.0,20.0,120.0
1088,102.15,54.0,24.0,120.0
3123,103.84,58.0,22.0,120.0
3553,98.31,54.0,18.0,112.0
2007,107.28,49.0,20.0,144.0
3572,121.87,28.0,24.0,192.0
2259,102.27,27.0,24.0,112.0
3984,87.63,52.0,24.0,112.0
2297,102.38,52.0,,120.0
4842,103.5,54.0,24.0,96.0
3890,103.49,22.0,28.0,136.0
982,102.42,57.0,8.0,144.0
3500,102.33,62.0,16.0,136.0
4899,126.44,51.0,26.0,160.0
4214,87.91,22.0,24.0,120.0
4291,110.67,26.0,20.0,136.0
257,103.63,22.0,22.0,136.0
1821,101.92,60.0,18.0,136.0
4616,106.73,51.0,18.0,144.0
4325,82.28,31.0,18.0,
4143,92.53,18.0,22.0,120.0
3656,84.86,32.0,16.0,152.0
3991,100.48,62.0,,120.0
903,100.41,57.0,16.0,96.0
1457,101.13,24.0,26.0,136.0
2666,108.56,56.0,23.0,128.0
480,,59.0,22.0,104.0
2775,96.31,54.0,20.0,104.0
2156,96.14,50.0,20.0,152.0
3787,80.34,10.0,16.0,104.0
175,106.72,29.0,16.0,128.0
460,97.74,33.0,20.0,136.0
2488,102.85,27.0,22.0,144.0
523,88.42,31.0,16.0,96.0
4961,,27.0,20.0,128.0
1246,105.09,58.0,16.0,120.0
1936,89.32,55.0,26.0,104.0
854,101.68,27.0,16.0,136.0
598,117.35,20.0,32.0,168.0
4358,87.68,61.0,22.0,104.0
4254,,21.0,24.0,152.0
2769,92.13,25.0,22.0,144.0
3343,119.26,55.0,24.0,136.0
1159,102.19,31.0,19.0,128.0
1554,88.01,56.0,18.0,128.0
3210,105.89,29.0,32.0,128.0
4923,117.03,56.0,26.0,128.0
4155,106.83,57.0,16.0,120.0
82,107.86,55.0,18.0,128.0
2293,98.17,59.0,16.0,128.0
2706,90.87,25.0,12.0,96.0
4375,96.23,25.0,18.0,120.0
2657,96.5,53.0,18.0,144.0
1930,,30.0,16.0,136.0
128,94.57,55.0,26.0,128.0
1434,118.7,26.0,26.0,152.0
2453,102.97,32.0,22.0,104.0
3764,105.26,26.0,,136.0
1197,99.01,28.0,22.0,112.0
1397,95.35,53.0,18.0,120.0
2191,95.65,29.0,24.0,128.0
1185,107.62,55.0,14.0,152.0
1976,111.63,32.0,18.0,136.0
2319,84.5,24.0,18.0,112.0
3623,105.81,58.0,16.0,120.0
1238,108.26,30.0,20.0,136.0
984,101.5,23.0,26.0,112.0
204,88.03,51.0,16.0,128.0
368,103.67,30.0,18.0,136.0
4572,94.81,21.0,30.0,136.0
3504,103.68,28.0,,136.0
4273,90.77,21.0,18.0,152.0
3849,96.09,54.0,18.0,88.0
663,104.86,51.0,24.0,112.0
4575,102.68,30.0,16.0,112.0
3287,88.13,27.0,22.0,152.0
4949,96.18,59.0,20.0,112.0
3238,75.03,30.0,16.0,96.0
736,115.07,27.0,30.0,160.0
2628,128.47,140.0,16.0,144.0
4760,103.92,55.0,26.0,104.0
1547,94.99,60.0,18.0,136.0
1186,100.57,64.0,19.0,136.0
1517,102.93,52.0,24.0,136.0
1729,110.5,30.0,22.0,152.0
2900,95.34,19.0,22.0,152.0
1038,93.81,61.0,14.0,120.0
4944,112.25,57.0,18.0,152.0
1002,108.39,53.0,20.0,160.0
1304,121.89,54.0,22.0,128.0
1903,95.8,57.0,20.0,144.0
4041,107.92,56.0,14.0,112.0
1816,92.88,23.0,26.0,112.0
2601,108.17,27.0,22.0,144.0
844,93.66,23.0,18.0,144.0
1432,113.73,61.0,22.0,136.0
4229,96.69,59.0,22.0,104.0
2243,100.87,24.0,28.0,144.0
2037,102.28,27.0,14.0,128.0
505,98.58,54.0,28.0,128.0
1566,105.96,30.0,22.0,144.0
3132,,31.0,24.0,112.0
139,117.0,62.0,22.0,144.0
3417,83.07,57.0,12.0,96.0
858,99.84,30.0,26.0,152.0
4108,91.76,33.0,20.0,120.0
933,104.99,59.0,20.0,104.0
357,101.5,54.0,22.0,128.0
4119,107.95,60.0,18.0,136.0
4219,116.04,53.0,20.0,168.0
1501,114.35,50.0,22.0,120.0
1374,99.01,52.0,20.0,120.0
3350,85.43,28.0,16.0,88.0
2239,105.83,51.0,18.0,136.0
2835,110.06,53.0,18.0,136.0
2401,122.47,29.0,32.0,160.0
1241,89.36,54.0,16.0,120.0
1132,105.35,30.0,24.0,128.0
4689,94.26,55.0,24.0,112.0
152,99.97,56.0,18.0,128.0
676,95.75,31.0,11.0,104.0
2644,102.03,28.0,22.0,128.0
659,111.83,57.0,20.0,144.0
297,97.62,55.0,20.0,128.0
4725,98.4,53.0,24.0,104.0
4526,95.95,30.0,22.0,136.0
1333,101.53,30.0,24.0,152.0
1030,104.54,21.0,25.0,128.0
38,105.29,31.0,18.0,160.0
3921,101.48,30.0,26.0,128.0
1557,100.15,59.0,10.0,112.0
4819,91.45,26.0,18.0,128.0
3763,105.58,52.0,20.0,160.0
683,,59.0,20.0,136.0
1341,103.15,140.0,20.0,120.0
585,85.04,56.0,22.0,120.0
3272,98.9,62.0,15.0,144.0
2405,103.4,58.0,20.0,104.0
356,98.62,28.0,22.0,104.0
738,98.87,32.0,20.0,128.0
2777,100.11,28.0,20.0,136.0
1643,109.87,26.0,24.0,144.0
1666,,56.0,24.0,120.0
1900,108.18,21.0,24.0,176.0
2543,101.68,31.0,22.0,120.0
2781,84.39,28.0,18.0,112.0
4208,100.32,28.0,26.0,120.0
617,108.66,55.0,20.0,104.0
1310,93.52,53.0,24.0,120.0
1599,96.12,31.0,24.0,144.0
4670,109.64,28.0,30.0,104.0
1664,95.64,61.0,10.0,112.0
3891,79.96,31.0,20.0,144.0
2201,109.2,31.0,24.0,128.0
3562,113.43,27.0,24.0,128.0
1101,100.59,29.0,22.0,152.0
4145,102.35,26.0,18.0,112.0
4704,91.59,30.0,10.0,128.0
3009,92.6,25.0,16.0,
3877,,51.0,10.0,144.0
3152,,26.0,22.0,152.0
3882,99.52,26.0,20.0,128.0
3400,98.03,26.0,24.0,120.0
2473,101.17,61.0,20.0,112.0
3140,122.23,53.0,24.0,160.0
326,102.03,23.0,,
1638,104.77,21.0,22.0,144.0
1853,106.65,30.0,30.0,128.0
4344,76.56,57.0,10.0,112.0
2175,109.0,17.0,32.0,160.0
3436,,24.0,,120.0
3138,101.94,30.0,28.0,112.0
174,,28.0,16.0,112.0
3917,112.03,59.0,26.0,160.0
4707,86.79,52.0,18.0,128.0
1005,104.45,26.0,24.0,136.0
4044,97.4,51.0,20.0,152.0
3584,110.74,54.0,24.0,144.0
2079,103.2,28.0,18.0,136.0
3961,75.99,30.0,10.0,96.0
4525,102.98,51.0,20.0,120.0
2912,87.06,25.0,22.0,136.0
3677,103.6,24.0,20.0,128.0
76,104.58,54.0,16.0,120.0
4800,107.03,28.0,22.0,120.0
1734,95.79,57.0,28.0,136.0
2176,110.98,56.0,26.0,160.0
4982,103.44,31.0,22.0,144.0
3531,65.41,55.0,18.0,96.0
3150,99.76,54.0,15.0,160.0
2446,106.19,25.0,18.0,160.0
2413,100.65,26.0,20.0,96.0
1048,95.96,28.0,28.0,128.0
1041,98.5,24.0,26.0,128.0
3014,100.93,59.0,14.0,152.0
1725,91.32,25.0,20.0,128.0
1094,96.2,58.0,18.0,88.0
2550,104.6,54.0,26.0,144.0
2248,106.51,29.0,26.0,152.0
1861,93.25,54.0,,136.0
3162,98.9,53.0,10.0,
237,111.04,24.0,26.0,136.0
2960,96.36,22.0,24.0,120.0
4035,113.48,32.0,22.0,120.0
2870,87.04,27.0,10.0,120.0
1931,104.48,54.0,22.0,136.0
3539,108.01,28.0,24.0,152.0
2240,99.32,57.0,18.0,112.0
218,91.61,58.0,16.0,136.0
1021,85.68,55.0,20.0,128.0
1679,97.77,30.0,18.0,136.0
3412,128.4,55.0,26.0,152.0
4515,110.03,52.0,30.0,144.0
2155,91.4,31.0,16.0,112.0
1300,113.45,29.0,22.0,128.0
1827,89.99,60.0,14.0,120.0
2857,77.02,57.0,,104.0
2696,113.68,59.0,20.0,136.0
186,104.63,29.0,18.0,160.0
1564,97.67,24.0,20.0,176.0
885,99.18,53.0,14.0,136.0
3373,85.32,54.0,16.0,120.0
808,102.46,30.0,24.0,160.0
3460,86.56,,8.0,152.0
4983,101.01,57.0,12.0,128.0
4827,111.87,26.0,24.0,120.0
1145,110.1,32.0,22.0,136.0
249,101.19,22.0,22.0,144.0
758,94.14,52.0,24.0,120.0
2122,99.95,20.0,31.0,144.0
4365,114.04,49.0,20.0,144.0
281,79.56,55.0,16.0,80.0
2672,115.39,28.0,24.0,152.0
3765,95.93,56.0,16.0,144.0
2398,87.83,24.0,14.0,112.0
215,84.93,29.0,22.0,120.0
1777,110.22,53.0,24.0,136.0
1267,94.49,51.0,26.0,128.0
3902,102.05,29.0,23.0,88.0
4642,101.44,26.0,22.0,136.0
723,91.47,23.0,28.0,112.0
46,87.19,60.0,16.0,144.0
2200,103.68,53.0,20.0,136.0
4070,93.1,58.0,24.0,
2737,,25.0,,152.0
170,94.36,21.0,32.0,120.0
1781,95.68,57.0,16.0,96.0
1742,87.45,31.0,24.0,120.0
4585,99.15,19.0,22.0,144.0
1127,111.26,51.0,16.0,136.0
261,101.48,21.0,22.0,128.0
4752,104.32,26.0,30.0,136.0
2579,105.44,25.0,18.0,128.0
4994,93.02,53.0,20.0,128.0
2056,106.83,50.0,24.0,128.0
3471,92.0,27.0,20.0,104.0
3013,106.8,63.0,22.0,136.0
3281,94.24,31.0,15.0,120.0
2594,103.06,24.0,23.0,160.0
3025,99.93,50.0,22.0,112.0
2569,91.26,28.0,20.0,112.0
2513,109.56,57.0,22.0,176.0
3064,101.74,28.0,26.0,144.0
2197,113.27,23.0,36.0,120.0
2261,92.01,28.0,18.0,120.0
534,99.37,60.0,18.0,128.0
961,110.88,19.0,24.0,144.0
2717,89.87,28.0,16.0,112.0
4431,91.9,28.0,18.0,88.0
1448,121.44,31.0,20.0,136.0
3969,,28.0,16.0,128.0
2323,89.83,52.0,20.0,120.0
4430,101.51,58.0,18.0,128.0
4418,114.87,30.0,26.0,136.0
3786,97.99,18.0,20.0,88.0
2010,93.99,24.0,24.0,96.0
3720,97.94,58.0,12.0,176.0
316,,56.0,18.0,152.0
388,,53.0,18.0,120.0
4087,107.03,55.0,22.0,152.0
1430,85.33,49.0,16.0,136.0
3869,99.24,27.0,24.0,128.0
3713,116.23,29.0,26.0,160.0
1812,83.7,28.0,18.0,120.0
786,113.08,53.0,22.0,144.0
2100,104.08,53.0,22.0,160.0
126,81.15,51.0,20.0,
3078,99.45,27.0,20.0,152.0
4351,98.69,21.0,28.0,144.0
1100,89.23,52.0,14.0,112.0
1113,85.53,66.0,14.0,104.0
4411,99.08,50.0,14.0,136.0
4454,113.55,56.0,20.0,136.0
3351,92.98,31.0,,120.0
2418,85.93,28.0,,128.0
648,100.6,57.0,30.0,128.0
197,102.56,56.0,20.0,144.0
4578,104.76,31.0,20.0,144.0
299,107.29,26.0,20.0,128.0
1229,115.1,26.0,22.0,152.0
2771,94.83,59.0,14.0,96.0
1541,94.7,50.0,18.0,104.0
2029,115.1,64.0,14.0,128.0
1996,105.74,27.0,24.0,128.0
3314,100.2,26.0,18.0,136.0
633,94.14,24.0,18.0,120.0
4449,109.86,31.0,20.0,128.0
412,94.65,25.0,22.0,136.0
1376,111.72,53.0,28.0,168.0
4502,100.89,52.0,24.0,120.0
3344,118.94,31.0,26.0,160.0
3378,96.47,33.0,22.0,128.0
2732,110.77,30.0,20.0,104.0
3898,89.22,59.0,14.0,
78,103.92,140.0,16.0,128.0
2182,112.87,53.0,28.0,144.0
3243,92.1,30.0,16.0,136.0
1029,88.33,57.0,16.0,104.0
1833,88.15,65.0,10.0,120.0
3536,91.76,49.0,20.0,144.0
1491,90.59,65.0,,112.0
4964,89.86,28.0,24.0,120.0
1625,87.11,56.0,10.0,120.0
967,115.0,30.0,28.0,136.0
3377,98.6,32.0,8.0,104.0
485,93.55,24.0,26.0,120.0
1123,85.18,61.0,12.0,120.0
2104,112.88,54.0,18.0,136.0
4793,86.25,,16.0,120.0
1390,90.95,59.0,14.0,120.0
4013,103.8,53.0,18.0,168.0
2816,105.99,23.0,16.0,144.0
2616,100.0,26.0,18.0,144.0
1796,95.32,58.0,12.0,112.0
3165,103.61,21.0,24.0,128.0
2852,111.93,61.0,18.0,144.0
1302,103.45,52.0,18.0,104.0
3214,114.52,54.0,20.0,136.0
3397,90.82,28.0,18.0,112.0
366,83.11,26.0,16.0,136.0
3330,95.44,52.0,16.0,120.0
1062,79.17,31.0,18.0,104.0
69,99.86,59.0,20.0,112.0
2433,90.37,21.0,24.0,136.0
1609,100.28,58.0,14.0,144.0
3526,91.34,54.0,16.0,
1702,104.82,29.0,16.0,128.0
3859,100.9,27.0,,136.0
4114,87.62,51.0,17.0,96.0
1386,97.71,56.0,24.0,96.0
4846,88.44,57.0,6.0,104.0
2510,98.8,53.0,20.0,136.0
821,90.93,27.0,22.0,120.0
1869,109.66,51.0,16.0,104.0
1862,104.65,23.0,24.0,112.0
3121,92.99,62.0,14.0,104.0
2312,77.87,52.0,14.0,96.0
1452,82.74,29.0,22.0,96.0
1715,104.69,23.0,24.0,136.0
1087,92.18,30.0,16.0,112.0
1394,98.21,31.0,14.0,128.0
3320,99.8,55.0,20.0,152.0
4901,111.23,55.0,20.0,160.0
1089,93.31,23.0,24.0,128.0
3776,85.13,31.0,18.0,128.0
3639,107.94,58.0,18.0,112.0
351,96.07,,28.0,176.0
2187,101.02,61.0,22.0,112.0
945,102.23,55.0,16.0,112.0
3955,88.87,29.0,16.0,112.0
3389,81.02,56.0,20.0,104.0
3680,115.02,18.0,24.0,120.0
256,119.18,27.0,28.0,144.0
4850,95.58,61.0,8.0,104.0
3057,80.53,21.0,20.0,136.0
599,105.71,56.0,22.0,112.0
1065,98.5,51.0,18.0,136.0
2851,96.16,27.0,20.0,136.0
3773,108.31,32.0,18.0,136.0
3760,113.53,29.0,18.0,136.0
1654,90.06,25.0,18.0,112.0
4963,98.47,28.0,26.0,112.0
4343,113.01,52.0,20.0,120.0
3171,108.88,29.0,16.0,120.0
583,,54.0,24.0,128.0
4192,,21.0,26.0,112.0
108,99.38,52.0,18.0,104.0
865,105.84,27.0,22.0,136.0
3298,,54.0,16.0,128.0
3200,102.53,29.0,16.0,136.0
4031,112.51,53.0,16.0,160.0
3570,122.54,68.0,18.0,136.0
4902,103.32,56.0,18.0,120.0
2545,111.35,53.0,20.0,120.0
3554,107.16,57.0,20.0,136.0
1613,113.78,21.0,22.0,152.0
133,103.99,60.0,20.0,128.0
4973,86.86,28.0,12.0,104.0
4773,98.7,61.0,14.0,88.0
2815,110.67,55.0,21.0,144.0
307,97.64,24.0,26.0,128.0
4720,86.63,59.0,12.0,128.0
479,99.77,59.0,16.0,128.0
4307,105.17,65.0,16.0,144.0
2461,113.94,53.0,18.0,144.0
4569,,54.0,12.0,120.0
1662,108.71,,18.0,152.0
3135,103.3,23.0,26.0,144.0
1558,113.43,27.0,26.0,128.0
2414,93.54,,16.0,112.0
1207,108.6,30.0,18.0,120.0
4609,97.94,58.0,18.0,144.0
4654,92.77,27.0,16.0,120.0
4299,87.93,23.0,24.0,152.0
1144,97.42,56.0,20.0,104.0
1214,99.31,27.0,20.0,144.0
3176,93.91,27.0,22.0,
2625,102.3,28.0,26.0,144.0
1543,111.78,51.0,22.0,152.0
2917,99.89,30.0,16.0,128.0
4772,101.85,64.0,10.0,144.0
692,107.05,25.0,16.0,88.0
1920,98.04,24.0,22.0,152.0
3936,102.9,50.0,24.0,120.0
2859,114.07,28.0,28.0,152.0
3918,98.22,29.0,18.0,160.0
2799,104.31,62.0,22.0,112.0
2283,83.24,,20.0,112.0
1948,112.04,26.0,30.0,144.0
630,106.86,52.0,24.0,128.0
423,85.52,55.0,6.0,104.0
4679,104.82,56.0,,176.0
489,113.23,24.0,26.0,128.0
466,93.14,53.0,22.0,128.0
2371,98.39,56.0,20.0,128.0
424,83.15,21.0,18.0,112.0
3865,117.21,27.0,24.0,184.0
2186,108.33,63.0,14.0,128.0
2568,93.69,55.0,20.0,120.0
4415,114.39,29.0,26.0,144.0
2722,92.58,56.0,16.0,80.0
2439,97.47,,24.0,120.0
3205,93.55,55.0,14.0,136.0
1722,90.29,29.0,16.0,96.0
1,104.58,60.0,14.0,128.0
4469,93.95,25.0,24.0,112.0
2561,78.99,54.0,18.0,128.0
1447,114.66,55.0,12.0,144.0
417,112.55,24.0,25.0,136.0
4908,96.88,29.0,20.0,136.0
3626,96.92,20.0,20.0,136.0
2812,91.36,24.0,22.0,120.0
527,97.08,25.0,31.0,144.0
3255,85.63,25.0,26.0,88.0
426,103.03,51.0,13.0,144.0
1659,92.63,,,176.0
4943,116.44,59.0,26.0,152.0
2340,121.96,,24.0,168.0
1169,84.23,49.0,12.0,104.0
1124,93.94,60.0,20.0,136.0
3648,84.03,56.0,12.0,96.0
4995,102.14,30.0,18.0,136.0
1699,107.02,55.0,24.0,128.0
1008,,62.0,14.0,128.0
2088,103.71,58.0,16.0,120.0
343,,54.0,,144.0
4360,104.3,54.0,20.0,176.0
157,101.96,26.0,24.0,152.0
572,106.49,30.0,18.0,120.0
1026,93.1,28.0,24.0,128.0
1093,98.86,54.0,24.0,152.0
4132,,53.0,10.0,128.0
3241,89.45,22.0,24.0,136.0
1537,107.05,27.0,22.0,152.0
688,115.59,19.0,21.0,136.0
2128,77.9,27.0,18.0,112.0
1077,112.43,29.0,27.0,128.0
974,96.74,31.0,22.0,128.0
401,108.01,48.0,24.0,120.0
4187,115.83,63.0,16.0,144.0
2303,,55.0,16.0,152.0
4468,90.98,29.0,14.0,128.0
248,91.43,19.0,26.0,112.0
66,107.82,57.0,24.0,128.0
1245,115.97,55.0,20.0,136.0
1568,118.96,53.0,24.0,152.0
5,81.67,53.0,16.0,80.0
222,103.51,56.0,25.0,152.0
2274,109.3,59.0,26.0,128.0
2161,102.74,28.0,22.0,104.0
2985,95.67,27.0,18.0,144.0
743,90.66,54.0,12.0,120.0
1190,87.81,57.0,14.0,128.0
59,80.18,54.0,10.0,120.0
1589,86.72,50.0,12.0,96.0
1824,101.55,50.0,26.0,144.0
4504,102.5,22.0,32.0,144.0
2649,119.97,22.0,28.0,152.0
4280,96.57,59.0,14.0,144.0
691,87.8,60.0,18.0,144.0
4432,100.56,21.0,28.0,104.0
4781,108.41,58.0,14.0,144.0
3953,73.16,31.0,12.0,104.0
2848,106.19,53.0,22.0,120.0
3589,102.15,53.0,16.0,128.0
314,92.19,25.0,26.0,120.0
733,,26.0,20.0,168.0
3722,109.83,52.0,24.0,120.0
444,96.57,30.0,21.0,112.0
3321,118.06,61.0,26.0,104.0
1878,114.79,,30.0,136.0
2653,88.71,28.0,12.0,120.0
1941,95.68,23.0,26.0,152.0
1240,106.3,61.0,18.0,128.0
1195,110.11,31.0,28.0,152.0
4100,107.45,64.0,20.0,96.0
3415,109.94,28.0,30.0,128.0
3540,82.43,23.0,20.0,96.0
867,126.76,52.0,20.0,136.0
3158,104.04,55.0,16.0,152.0
834,99.07,54.0,18.0,168.0
4355,85.7,29.0,18.0,96.0
1640,98.7,62.0,14.0,136.0
1752,97.02,27.0,28.0,136.0
4185,115.11,50.0,28.0,160.0
4531,116.39,26.0,28.0,152.0
3630,,29.0,22.0,120.0
540,88.3,31.0,24.0,128.0
721,86.43,55.0,10.0,112.0
674,,25.0,22.0,128.0
308,92.15,55.0,15.0,144.0
4695,123.2,50.0,20.0,128.0
2992,95.32,55.0,18.0,120.0
3958,96.08,29.0,22.0,120.0
1971,99.37,53.0,20.0,96.0
3839,101.53,55.0,24.0,136.0
4519,107.59,54.0,20.0,128.0
75,112.5,28.0,22.0,128.0
4399,100.33,69.0,20.0,128.0
1043,103.18,57.0,26.0,160.0
4647,117.88,34.0,24.0,136.0
221,119.64,56.0,,120.0
3746,114.61,58.0,22.0,128.0
4870,108.73,54.0,20.0,128.0
1985,95.91,63.0,6.0,144.0
1217,102.31,53.0,12.0,120.0
3392,105.24,23.0,24.0,128.0
1875,105.3,57.0,20.0,152.0
1562,104.21,55.0,20.0,112.0
1011,101.41,56.0,14.0,144.0
3178,110.17,30.0,30.0,152.0
35,93.46,52.0,13.0,120.0
2284,105.58,28.0,20.0,120.0
791,99.07,26.0,14.0,168.0
13,104.86,29.0,24.0,120.0
580,97.0,29.0,26.0,120.0
3211,93.9,21.0,30.0,104.0
653,100.65,61.0,20.0,160.0
3056,108.49,56.0,10.0,152.0
3966,78.5,30.0,16.0,120.0
4948,115.9,28.0,18.0,168.0
4618,115.02,60.0,,136.0
212,100.47,26.0,18.0,136.0
381,96.57,56.0,18.0,112.0
4395,104.4,54.0,22.0,136.0
2979,104.68,28.0,18.0,136.0
1156,106.34,56.0,26.0,120.0
2919,104.56,32.0,22.0,152.0
3421,100.23,52.0,19.0,136.0
477,95.55,,18.0,128.0
250,98.76,62.0,14.0,120.0
3510,99.45,25.0,24.0,136.0
2735,100.14,20.0,24.0,152.0
1007,80.88,59.0,18.0,96.0
1535,89.41,31.0,20.0,136.0
201,112.2,59.0,18.0,112.0
3112,83.17,27.0,22.0,120.0
3804,107.41,52.0,18.0,136.0
1184,107.2,61.0,22.0,160.0
4718,93.56,23.0,20.0,136.0
1183,106.55,28.0,,128.0
1244,101.43,22.0,18.0,112.0
3448,106.34,54.0,24.0,128.0
684,100.36,28.0,27.0,104.0
2496,,53.0,20.0,136.0
1704,108.94,52.0,20.0,144.0
4987,111.7,57.0,20.0,152.0
4709,116.35,27.0,,128.0
1536,90.59,53.0,18.0,120.0
2554,102.27,58.0,,96.0
2607,101.01,56.0,20.0,112.0
101,109.33,61.0,18.0,104.0
1762,82.45,23.0,24.0,120.0
440,96.5,25.0,26.0,152.0
1893,106.89,31.0,22.0,112.0
4401,115.54,55.0,16.0,112.0
2903,86.27,27.0,22.0,128.0
1864,92.24,58.0,18.0,120.0
2572,102.42,30.0,24.0,144.0
1760,98.73,24.0,20.0,136.0
1770,82.0,28.0,16.0,112.0
1061,103.05,32.0,22.0,80.0
614,93.96,31.0,12.0,128.0
1316,87.41,28.0,,128.0
1301,98.91,54.0,26.0,136.0
1260,96.97,53.0,18.0,104.0
4592,104.15,57.0,22.0,112.0
1635,99.57,50.0,20.0,136.0
2145,89.98,28.0,16.0,104.0
3828,103.49,48.0,24.0,168.0
2183,99.25,55.0,16.0,104.0
4761,92.68,57.0,22.0,104.0
1126,109.72,28.0,22.0,136.0
511,108.29,28.0,,160.0
3772,104.66,26.0,20.0,128.0
4352,,53.0,23.0,136.0
4986,93.71,27.0,24.0,104.0
15,98.3,30.0,,120.0
4293,107.5,56.0,22.0,120.0
2271,107.36,24.0,32.0,168.0
3006,,63.0,12.0,136.0
840,95.82,28.0,22.0,128.0
1838,93.88,56.0,18.0,112.0
4233,102.88,29.0,24.0,136.0
1507,104.8,57.0,18.0,168.0
3381,89.36,55.0,12.0,128.0
361,104.53,55.0,20.0,136.0
3142,87.87,21.0,28.0,144.0
3768,99.4,27.0,22.0,160.0
2839,105.71,51.0,26.0,152.0
4778,94.68,28.0,24.0,104.0
3716,91.55,59.0,12.0,104.0
3613,105.0,25.0,24.0,160.0
4692,93.02,53.0,20.0,128.0
3854,98.1,21.0,22.0,112.0
210,106.08,18.0,30.0,152.0
2039,102.34,29.0,24.0,128.0
1019,90.59,54.0,10.0,120.0
454,117.11,55.0,20.0,144.0
3395,94.95,25.0,26.0,112.0
1918,99.3,66.0,20.0,128.0
3283,93.33,58.0,22.0,96.0
4495,85.76,56.0,14.0,88.0
930,89.57,52.0,18.0,136.0
353,101.96,67.0,10.0,64.0
3066,91.48,59.0,22.0,128.0
4346,102.84,30.0,22.0,128.0
2932,101.35,58.0,16.0,88.0
2995,86.04,53.0,16.0,80.0
4629,90.61,58.0,16.0,72.0
196,73.44,54.0,12.0,96.0
2933,94.05,60.0,16.0,144.0
4897,107.88,24.0,22.0,136.0
1661,105.23,23.0,28.0,168.0
2208,123.17,30.0,28.0,160.0
3800,87.66,53.0,16.0,104.0
1082,80.06,29.0,20.0,120.0
1514,105.7,54.0,24.0,120.0
3113,110.61,28.0,28.0,136.0
717,98.6,59.0,18.0,136.0
1912,113.75,51.0,26.0,
1108,89.56,24.0,26.0,136.0
190,99.42,59.0,22.0,104.0
1917,94.89,55.0,32.0,136.0
4190,94.13,22.0,20.0,128.0
2957,110.03,52.0,20.0,136.0
2354,78.57,31.0,18.0,112.0
4554,99.88,55.0,22.0,96.0
4809,88.32,53.0,16.0,120.0
2260,93.32,63.0,12.0,120.0
1411,85.64,66.0,18.0,112.0
3907,80.29,28.0,17.0,128.0
414,101.13,54.0,18.0,104.0
137,103.23,49.0,24.0,
1788,,25.0,26.0,128.0
2394,96.38,56.0,22.0,104.0
2230,100.96,22.0,26.0,136.0
3717,86.63,26.0,14.0,96.0
2094,110.41,57.0,,128.0
2148,102.18,57.0,16.0,144.0
2679,85.12,56.0,20.0,120.0
372,108.49,28.0,18.0,128.0
1355,110.31,28.0,22.0,120.0
1874,90.5,58.0,18.0,96.0
2008,105.13,31.0,26.0,136.0
4546,102.04,25.0,22.0,
2153,109.03,55.0,20.0,128.0
3909,105.17,55.0,24.0,136.0
2043,91.7,27.0,22.0,120.0
2350,109.95,55.0,20.0,96.0
971,103.31,53.0,20.0,128.0
2126,,27.0,20.0,120.0
2087,85.35,58.0,4.0,104.0
2832,80.89,55.0,16.0,64.0
187,103.74,25.0,20.0,128.0
2922,116.91,60.0,14.0,160.0
898,105.49,29.0,22.0,144.0
748,102.45,29.0,18.0,152.0
4275,83.68,66.0,10.0,80.0
3703,104.41,59.0,20.0,136.0
342,89.34,60.0,14.0,128.0
4536,120.21,32.0,28.0,136.0
1753,76.56,27.0,14.0,128.0
3040,93.27,59.0,16.0,104.0
4364,101.61,29.0,16.0,120.0
1362,90.1,26.0,24.0,112.0
387,96.14,28.0,20.0,136.0
1351,100.83,28.0,26.0,104.0
457,103.66,57.0,14.0,128.0
4621,87.36,53.0,20.0,104.0
4406,81.53,54.0,14.0,112.0
30,87.95,55.0,28.0,96.0
4126,89.99,26.0,22.0,112.0
3715,96.31,28.0,18.0,112.0
3191,98.22,53.0,22.0,128.0
3543,107.66,58.0,12.0,152.0
1736,93.32,52.0,20.0,104.0
1153,92.9,51.0,20.0,136.0
2993,89.07,28.0,20.0,120.0
4516,94.68,25.0,24.0,104.0
1116,102.99,31.0,26.0,152.0
243,97.72,30.0,22.0,112.0
3143,99.42,28.0,16.0,168.0
12,107.37,55.0,22.0,80.0
3111,98.43,53.0,18.0,96.0
4643,90.17,60.0,14.0,128.0
4010,94.06,32.0,24.0,144.0
1555,84.45,24.0,12.0,120.0
2450,91.89,58.0,8.0,104.0
1498,100.54,56.0,18.0,128.0
3486,99.4,55.0,10.0,136.0
467,96.88,56.0,22.0,112.0
1633,112.59,54.0,18.0,120.0
1070,94.25,62.0,14.0,152.0
4163,110.59,58.0,20.0,120.0
517,90.76,22.0,26.0,160.0
3876,103.94,22.0,24.0,128.0
2923,101.05,58.0,16.0,144.0
887,86.56,25.0,18.0,128.0
3633,106.05,53.0,,120.0
3690,89.7,21.0,14.0,
3328,123.82,52.0,,152.0
3525,103.26,56.0,26.0,96.0
4065,88.79,52.0,14.0,96.0
3444,100.62,52.0,20.0,152.0
3959,90.47,22.0,22.0,96.0
3256,83.68,52.0,20.0,128.0
3385,110.46,53.0,24.0,152.0
3766,108.77,52.0,22.0,160.0
1994,88.53,27.0,18.0,96.0
3721,118.41,53.0,26.0,120.0
3167,101.44,56.0,18.0,112.0
4121,105.12,27.0,24.0,112.0
4905,92.14,25.0,18.0,120.0
3863,82.61,51.0,18.0,136.0
2538,115.99,54.0,27.0,128.0
532,94.58,62.0,18.0,128.0
2681,108.61,,26.0,160.0
2789,84.09,57.0,14.0,128.0
3611,96.43,30.0,24.0,144.0
1641,97.93,55.0,16.0,112.0
4380,102.51,52.0,20.0,128.0
65,101.88,54.0,24.0,144.0
481,97.02,29.0,22.0,88.0
937,106.25,29.0,16.0,152.0
4354,88.4,56.0,12.0,120.0
1414,90.11,28.0,24.0,144.0
2871,,28.0,18.0,112.0
927,92.86,53.0,24.0,144.0
3103,116.8,51.0,18.0,128.0
1422,,59.0,10.0,104.0
2250,104.56,58.0,20.0,128.0
946,104.47,60.0,22.0,112.0
284,106.77,63.0,14.0,160.0
2027,97.74,61.0,26.0,96.0
2118,104.99,,16.0,136.0
226,102.38,52.0,24.0,144.0
2086,99.97,29.0,20.0,120.0
2528,96.41,21.0,24.0,144.0
1738,92.34,53.0,14.0,120.0
4716,105.66,,22.0,168.0
3399,88.27,59.0,22.0,136.0
3654,106.07,31.0,23.0,144.0
2025,114.24,,26.0,152.0
3304,92.37,55.0,30.0,96.0
4534,94.84,54.0,20.0,120.0
2268,110.07,52.0,10.0,136.0
4782,107.46,32.0,20.0,160.0
2586,106.11,54.0,20.0,144.0
3053,104.31,60.0,18.0,128.0
3134,106.58,28.0,18.0,160.0
3376,94.43,30.0,14.0,128.0
3887,110.76,28.0,24.0,176.0
1286,98.89,26.0,16.0,128.0
494,100.7,30.0,18.0,136.0
2211,108.68,59.0,20.0,104.0
364,106.85,25.0,28.0,
458,115.75,27.0,32.0,136.0
2724,123.14,53.0,20.0,160.0
3551,102.22,30.0,20.0,144.0
3665,105.69,57.0,28.0,128.0
2442,98.06,27.0,20.0,144.0
2347,113.44,53.0,26.0,144.0
2850,94.57,31.0,18.0,120.0
4935,111.24,53.0,22.0,144.0
3842,109.57,30.0,28.0,128.0
3492,115.71,25.0,32.0,160.0
3709,121.77,52.0,18.0,128.0
21,86.07,57.0,22.0,112.0
4216,113.93,30.0,24.0,168.0
3232,103.59,54.0,20.0,136.0
4613,118.21,,26.0,144.0
4594,102.4,22.0,24.0,104.0
251,104.5,29.0,28.0,168.0
2529,107.6,53.0,22.0,112.0
2491,93.43,51.0,16.0,120.0
3107,108.06,27.0,20.0,120.0
3011,105.49,28.0,18.0,104.0
677,83.44,32.0,20.0,96.0
2393,102.55,56.0,,120.0
4277,106.92,59.0,20.0,96.0
2687,86.28,62.0,12.0,168.0
3544,118.79,27.0,32.0,128.0
2456,100.2,53.0,14.0,136.0
819,110.53,56.0,14.0,160.0
3131,104.5,29.0,24.0,136.0
4514,91.56,58.0,16.0,128.0
1705,86.74,54.0,12.0,136.0
1883,90.23,52.0,22.0,112.0
3106,102.06,21.0,24.0,152.0
57,95.43,29.0,24.0,152.0
4391,97.25,55.0,10.0,80.0
2807,111.02,27.0,29.0,112.0
436,111.7,25.0,28.0,160.0
25,110.98,29.0,24.0,512.0
3185,96.48,27.0,20.0,112.0
2392,96.8,57.0,16.0,112.0
2133,111.36,30.0,24.0,128.0
2853,112.22,55.0,26.0,160.0
906,100.03,51.0,19.0,128.0
4015,93.19,29.0,20.0,160.0
2560,99.79,57.0,18.0,88.0
635,97.09,61.0,10.0,112.0
2755,83.19,28.0,14.0,112.0
148,92.27,31.0,26.0,136.0
1247,106.28,54.0,12.0,128.0
2576,88.26,,24.0,120.0
4321,108.32,21.0,20.0,136.0
1813,96.47,54.0,18.0,136.0
4799,96.18,53.0,18.0,120.0
2269,91.7,50.0,20.0,144.0
4970,103.14,60.0,,120.0
849,99.17,18.0,20.0,152.0
2736,100.87,25.0,24.0,152.0
753,103.64,53.0,12.0,96.0
216,120.11,61.0,26.0,136.0
344,92.76,53.0,19.0,120.0
3913,105.29,54.0,20.0,112.0
3788,96.14,59.0,,96.0
1882,104.59,28.0,23.0,144.0
1935,99.26,28.0,18.0,136.0
293,92.14,31.0,22.0,136.0
1292,111.19,53.0,20.0,144.0
3872,,56.0,16.0,152.0
1200,100.42,29.0,24.0,112.0
1703,104.52,27.0,20.0,184.0
3495,97.06,53.0,18.0,128.0
2474,105.85,25.0,16.0,144.0
4359,99.86,19.0,26.0,128.0
2508,103.79,57.0,,120.0
694,,29.0,28.0,136.0
804,103.15,27.0,14.0,136.0
1346,101.41,29.0,18.0,152.0
2322,,27.0,24.0,128.0
556,88.01,53.0,12.0,128.0
1311,122.27,27.0,22.0,160.0
1859,93.94,62.0,4.0,152.0
4588,99.62,21.0,30.0,120.0
727,98.22,57.0,18.0,104.0
3364,88.74,18.0,18.0,136.0
3502,116.26,55.0,24.0,128.0
2115,99.47,51.0,24.0,144.0
3250,86.51,51.0,12.0,96.0
4313,112.1,13.0,,120.0
4053,92.63,57.0,16.0,128.0
4528,89.88,56.0,14.0,120.0
2968,90.3,30.0,22.0,160.0
3104,92.77,,24.0,120.0
3856,112.47,60.0,24.0,96.0
2505,99.64,24.0,24.0,120.0
2199,96.43,55.0,16.0,120.0
2747,116.09,60.0,18.0,136.0
622,101.39,61.0,22.0,136.0
2522,91.98,56.0,20.0,104.0
2432,79.04,24.0,20.0,144.0
1494,91.47,27.0,30.0,
4098,99.14,56.0,14.0,104.0
3558,99.77,54.0,22.0,112.0
4139,112.04,28.0,24.0,144.0
3004,101.49,28.0,16.0,136.0
1711,90.95,23.0,20.0,128.0
2517,95.09,26.0,20.0,112.0
1766,98.41,16.0,22.0,120.0
3649,96.54,54.0,18.0,
1902,92.23,22.0,30.0,128.0
1332,100.13,28.0,22.0,152.0
2542,101.0,57.0,18.0,112.0
4896,99.79,57.0,20.0,136.0
4845,99.63,52.0,22.0,144.0
3546,95.4,51.0,18.0,136.0
1037,99.27,24.0,20.0,136.0
3762,78.65,56.0,14.0,96.0
1227,106.46,23.0,24.0,168.0
4724,107.16,28.0,24.0,136.0
2108,120.67,29.0,28.0,160.0
3318,88.44,59.0,16.0,112.0
3501,81.13,56.0,14.0,128.0
929,107.64,28.0,20.0,136.0
4350,104.52,21.0,30.0,144.0
871,94.65,31.0,,136.0
552,92.27,57.0,14.0,112.0
892,101.5,56.0,8.0,144.0
2215,94.92,58.0,19.0,
3253,80.6,53.0,10.0,104.0
3044,108.51,55.0,12.0,136.0
739,105.69,31.0,20.0,112.0
2574,89.05,28.0,26.0,120.0
2878,107.84,28.0,18.0,120.0
2774,99.82,58.0,10.0,120.0
0,103.93,,18.0,136.0
705,108.04,31.0,24.0,120.0
3334,98.06,55.0,26.0,112.0
272,95.57,51.0,22.0,120.0
2009,102.65,53.0,22.0,136.0
4278,107.63,51.0,20.0,152.0
2831,110.26,23.0,22.0,128.0
3187,84.48,54.0,16.0,104.0
506,101.57,29.0,24.0,120.0
2181,98.15,53.0,18.0,128.0
1058,106.32,60.0,22.0,144.0
4369,102.69,50.0,28.0,160.0
4452,88.87,32.0,,112.0
2379,107.74,27.0,24.0,128.0
650,90.49,63.0,20.0,120.0
3359,102.36,25.0,22.0,120.0
37,102.0,57.0,21.0,120.0
352,87.63,54.0,14.0,96.0
1960,106.97,54.0,20.0,128.0
3835,105.12,60.0,14.0,128.0
665,89.09,31.0,24.0,136.0
4370,109.48,29.0,22.0,112.0
1772,107.94,52.0,25.0,128.0
3939,101.46,30.0,22.0,112.0
4050,103.27,,20.0,120.0
2097,107.6,54.0,22.0,
3579,107.38,60.0,14.0,120.0
1830,88.0,20.0,12.0,
2075,98.6,30.0,24.0,120.0
4764,94.95,24.0,16.0,104.0
868,99.18,59.0,14.0,128.0
427,105.75,23.0,26.0,144.0
1521,111.23,55.0,16.0,136.0
1114,102.62,56.0,16.0,120.0
4755,104.57,57.0,18.0,128.0
2081,112.43,52.0,24.0,144.0
2611,93.33,21.0,24.0,144.0
4378,102.42,63.0,28.0,136.0
224,80.43,28.0,14.0,112.0
2390,94.56,56.0,12.0,128.0
1817,110.28,29.0,,152.0
1323,90.34,29.0,,168.0
1433,97.36,20.0,20.0,
928,109.26,59.0,17.0,112.0
130,83.52,19.0,20.0,136.0
962,108.73,29.0,16.0,120.0
239,100.65,29.0,22.0,144.0
888,99.31,57.0,22.0,128.0
1092,92.84,57.0,22.0,136.0
474,104.47,26.0,31.0,120.0
4200,,25.0,18.0,120.0
3616,110.65,59.0,22.0,128.0
3875,98.58,65.0,14.0,88.0
2880,107.77,26.0,20.0,152.0
3565,98.07,57.0,24.0,144.0
4788,84.1,30.0,22.0,104.0
1538,86.25,23.0,20.0,104.0
1009,107.33,68.0,10.0,120.0
122,98.58,27.0,28.0,112.0
3090,100.64,54.0,18.0,128.0
1080,88.27,28.0,18.0,112.0
916,104.89,23.0,28.0,144.0
4079,104.28,26.0,26.0,152.0
1694,91.19,18.0,20.0,136.0
1686,92.55,57.0,20.0,128.0
2674,,28.0,24.0,104.0
3254,101.88,62.0,18.0,128.0
289,,51.0,16.0,128.0
3331,92.93,25.0,22.0,152.0
4829,93.93,52.0,14.0,112.0
4394,107.1,33.0,28.0,120.0
3833,89.35,53.0,12.0,104.0
1531,,32.0,24.0,144.0
4482,96.81,59.0,,144.0
3625,103.75,53.0,28.0,112.0
4710,106.51,28.0,21.0,152.0
1783,106.32,23.0,22.0,136.0
3678,102.34,55.0,10.0,144.0
3269,118.46,54.0,28.0,152.0
4549,86.69,26.0,16.0,
3216,96.73,24.0,28.0,136.0
4596,91.83,27.0,20.0,152.0
7,105.91,27.0,22.0,120.0
3568,97.87,52.0,26.0,112.0
1856,94.69,53.0,16.0,96.0
4713,98.33,28.0,,136.0
822,106.75,29.0,22.0,136.0
4893,118.45,52.0,34.0,128.0
176,110.56,32.0,16.0,160.0
4054,101.15,57.0,16.0,128.0
4957,109.01,61.0,18.0,136.0
3596,105.84,55.0,22.0,112.0
2864,82.02,58.0,12.0,104.0
1870,90.59,,14.0,112.0
2285,96.09,29.0,20.0,120.0
2668,102.3,27.0,24.0,104.0
794,104.74,54.0,18.0,128.0
2357,117.53,22.0,22.0,128.0
3688,106.19,29.0,28.0,128.0
3007,89.92,57.0,14.0,120.0
493,101.55,21.0,24.0,128.0
4990,105.12,29.0,18.0,128.0
932,91.55,30.0,22.0,128.0
1646,106.27,28.0,,144.0
1495,106.11,56.0,22.0,176.0
4410,90.67,63.0,10.0,112.0
924,96.76,19.0,30.0,120.0
247,103.01,55.0,20.0,168.0
1479,87.37,52.0,24.0,80.0
3019,108.16,27.0,20.0,176.0
4241,94.6,54.0,20.0,120.0
4584,92.7,30.0,24.0,128.0
304,73.24,,12.0,104.0
1997,84.23,66.0,4.0,112.0
2415,93.22,54.0,16.0,144.0
2969,82.76,28.0,14.0,112.0
3409,86.65,56.0,22.0,128.0
2617,107.79,26.0,21.0,152.0
4046,104.55,54.0,26.0,144.0
2129,99.76,61.0,18.0,128.0
1854,103.38,29.0,14.0,120.0
1216,,31.0,24.0,96.0
1855,104.68,24.0,24.0,144.0
28,90.36,51.0,14.0,88.0
200,98.58,53.0,11.0,88.0
1350,100.77,17.0,26.0,136.0
801,93.56,,14.0,88.0
2800,96.05,27.0,22.0,112.0
4787,99.38,27.0,20.0,128.0
2270,121.78,55.0,22.0,80.0
4195,95.94,28.0,28.0,112.0
4906,86.63,28.0,22.0,80.0
2756,103.24,62.0,20.0,120.0
465,104.54,26.0,26.0,136.0
2194,97.39,57.0,24.0,120.0
2069,91.9,29.0,20.0,
4005,90.24,28.0,16.0,120.0
2609,116.59,55.0,16.0,144.0
4042,90.52,63.0,8.0,112.0
1230,91.68,51.0,18.0,112.0
1473,107.88,27.0,26.0,128.0
3587,80.43,56.0,18.0,136.0
2861,,30.0,20.0,136.0
828,89.98,27.0,18.0,104.0
116,108.16,59.0,25.0,144.0
2987,89.25,24.0,20.0,
1024,100.81,53.0,22.0,120.0
4869,105.73,53.0,20.0,144.0
948,103.08,26.0,22.0,144.0
2095,120.45,,26.0,104.0
2740,100.97,54.0,26.0,152.0
254,86.08,28.0,26.0,120.0
4854,94.8,54.0,18.0,144.0
2703,107.21,55.0,20.0,
2351,92.01,55.0,22.0,104.0
4726,91.77,29.0,20.0,152.0
405,97.68,56.0,23.0,104.0
1774,,56.0,16.0,128.0
1954,90.13,25.0,18.0,136.0
3657,114.23,25.0,26.0,144.0
4329,99.55,28.0,22.0,120.0
1865,94.0,57.0,10.0,96.0
1965,90.15,60.0,8.0,104.0
2217,107.05,53.0,20.0,128.0
980,97.23,57.0,14.0,120.0
3585,96.43,25.0,16.0,128.0
3125,106.78,53.0,20.0,104.0
2295,91.35,23.0,27.0,136.0
3685,82.81,57.0,16.0,112.0
1256,100.98,55.0,18.0,136.0
877,96.97,63.0,18.0,120.0
2899,106.96,30.0,22.0,144.0
438,109.35,64.0,20.0,120.0
656,99.75,54.0,22.0,128.0
3117,98.22,49.0,20.0,144.0
4614,102.5,57.0,24.0,96.0
2055,97.24,32.0,20.0,96.0
1506,105.49,63.0,18.0,128.0
3615,107.66,59.0,10.0,120.0
95,96.73,56.0,14.0,112.0
206,108.73,26.0,22.0,144.0
3515,103.64,30.0,16.0,168.0
4701,118.34,27.0,28.0,168.0
4177,118.99,33.0,18.0,128.0
2688,104.52,27.0,18.0,144.0
3354,94.51,31.0,18.0,136.0
2966,103.15,56.0,22.0,112.0
1986,118.59,23.0,28.0,112.0
1054,106.06,64.0,16.0,112.0
2660,115.69,23.0,26.0,168.0
2052,98.34,54.0,17.0,120.0
2092,96.53,27.0,24.0,144.0
796,103.28,27.0,22.0,136.0
841,105.16,26.0,30.0,128.0
2947,88.65,56.0,,128.0
2896,104.01,65.0,15.0,136.0
2925,94.15,54.0,20.0,144.0
2840,93.91,53.0,20.0,152.0
1412,103.51,,20.0,120.0
2478,108.04,53.0,16.0,96.0
3679,96.5,54.0,,152.0
3196,109.0,28.0,18.0,120.0
4884,95.85,18.0,28.0,144.0
4075,85.31,27.0,26.0,120.0
1261,101.87,62.0,16.0,152.0
3509,107.21,27.0,24.0,112.0
4397,97.87,53.0,14.0,136.0
803,91.63,28.0,22.0,104.0
1515,115.39,53.0,26.0,144.0
1046,95.39,24.0,26.0,128.0
3456,102.37,60.0,20.0,144.0
4061,84.82,60.0,18.0,104.0
220,105.76,28.0,24.0,136.0
2592,98.2,56.0,22.0,88.0
2581,116.1,57.0,22.0,136.0
686,93.91,25.0,26.0,88.0
1273,110.68,53.0,26.0,128.0
912,,52.0,22.0,120.0
2631,101.05,52.0,18.0,88.0
492,117.23,55.0,24.0,160.0
4664,107.96,59.0,20.0,136.0
67,82.68,29.0,22.0,104.0
1802,116.71,31.0,26.0,112.0
1808,99.08,53.0,16.0,112.0
1947,107.83,57.0,18.0,136.0
1443,91.37,60.0,18.0,120.0
1139,92.31,31.0,21.0,112.0
1321,102.82,55.0,18.0,88.0
2524,110.35,28.0,30.0,168.0
3676,87.54,25.0,18.0,136.0
429,91.22,30.0,18.0,120.0
646,113.12,29.0,24.0,128.0
4690,75.8,31.0,10.0,104.0
1135,97.05,55.0,22.0,144.0
2404,104.75,25.0,34.0,136.0
3059,100.07,63.0,22.0,120.0
2353,93.42,23.0,18.0,128.0
1232,102.81,58.0,16.0,120.0
3821,114.97,28.0,34.0,120.0
907,,60.0,16.0,128.0
3806,98.0,30.0,22.0,136.0
999,100.46,28.0,20.0,136.0
478,104.2,51.0,26.0,128.0
2136,104.4,57.0,20.0,120.0
1042,91.11,30.0,26.0,136.0
2537,116.56,28.0,22.0,152.0
2958,104.1,20.0,26.0,120.0
2024,82.23,30.0,14.0,128.0
3202,94.7,18.0,26.0,112.0
4362,99.66,54.0,14.0,136.0
641,90.99,23.0,22.0,144.0
1915,103.43,22.0,24.0,176.0
3668,98.4,17.0,22.0,120.0
2273,98.81,60.0,22.0,120.0
162,105.15,30.0,16.0,
560,79.0,26.0,22.0,112.0
3780,92.99,53.0,20.0,128.0
3607,105.16,30.0,18.0,128.0
3393,100.64,66.0,16.0,112.0
301,117.15,51.0,16.0,128.0
1983,108.02,18.0,24.0,168.0
2222,82.95,24.0,22.0,160.0
996,78.73,65.0,8.0,112.0
538,107.51,55.0,18.0,144.0
2940,106.93,58.0,21.0,136.0
944,117.68,57.0,16.0,152.0
1464,96.94,53.0,18.0,144.0
553,97.02,29.0,18.0,144.0
4084,101.17,54.0,18.0,120.0
1299,85.51,30.0,20.0,104.0
350,89.36,,26.0,96.0
1060,108.24,56.0,28.0,160.0
1142,92.73,29.0,,96.0
2988,113.47,56.0,22.0,136.0
4388,95.42,53.0,20.0,96.0
2752,95.46,51.0,16.0,112.0
4444,89.34,30.0,20.0,120.0
1369,96.52,54.0,12.0,120.0
1747,99.66,26.0,16.0,152.0
3146,99.37,20.0,14.0,144.0
153,94.52,23.0,22.0,160.0
1852,102.27,28.0,22.0,128.0
2188,95.89,30.0,20.0,128.0
2484,103.52,57.0,22.0,120.0
3621,104.4,26.0,24.0,136.0
4284,107.18,30.0,24.0,136.0
2070,99.02,56.0,12.0,128.0
817,100.41,62.0,12.0,120.0
2017,107.85,28.0,22.0,144.0
1896,107.21,51.0,20.0,128.0
609,82.74,31.0,10.0,112.0
3086,92.83,57.0,12.0,112.0
3451,85.99,28.0,20.0,120.0
4296,104.11,31.0,24.0,160.0
3075,88.47,57.0,18.0,96.0
2804,97.82,58.0,12.0,128.0
2380,96.26,26.0,21.0,136.0
4435,93.55,22.0,34.0,120.0
371,95.94,27.0,18.0,112.0
3707,108.03,51.0,20.0,88.0
4109,116.81,26.0,18.0,152.0
2683,99.9,52.0,26.0,136.0
4960,106.57,56.0,20.0,144.0
3008,99.48,25.0,26.0,
2147,89.19,63.0,16.0,128.0
3925,93.61,55.0,22.0,96.0
2780,103.74,50.0,,152.0
1027,89.06,,12.0,
1439,92.93,24.0,22.0,128.0
2262,76.03,55.0,14.0,96.0
559,91.36,55.0,14.0,120.0
1334,,27.0,20.0,128.0
2299,97.26,54.0,16.0,136.0
4367,96.73,24.0,18.0,128.0
2168,86.5,56.0,16.0,88.0
3072,95.72,62.0,18.0,152.0
1176,111.92,29.0,30.0,112.0
1068,123.52,58.0,25.0,160.0
1720,87.54,53.0,16.0,120.0
4419,109.78,26.0,27.0,152.0
576,86.32,61.0,14.0,104.0
3545,88.7,30.0,18.0,136.0
2588,94.72,54.0,8.0,88.0
2715,108.62,54.0,26.0,152.0
678,100.9,58.0,24.0,136.0
305,105.79,56.0,16.0,128.0
1223,99.87,25.0,22.0,136.0
1429,98.12,61.0,16.0,136.0
3161,114.25,53.0,24.0,168.0
106,111.72,29.0,30.0,128.0
4530,104.53,55.0,22.0,112.0
2455,107.07,54.0,18.0,136.0
4553,80.7,22.0,18.0,96.0
3792,97.78,50.0,16.0,104.0
4248,93.72,55.0,26.0,128.0
4166,103.5,57.0,24.0,112.0
2926,96.96,57.0,16.0,128.0
1460,,25.0,22.0,128.0
3949,82.92,29.0,14.0,160.0
4911,,24.0,23.0,144.0
525,105.79,30.0,20.0,152.0
3355,89.65,30.0,22.0,128.0
2999,96.95,55.0,20.0,120.0
1295,92.34,52.0,19.0,112.0
3270,117.28,32.0,24.0,144.0
2275,101.81,51.0,14.0,128.0
4717,104.99,30.0,22.0,120.0
266,100.25,52.0,19.0,128.0
3618,,28.0,24.0,152.0
1634,112.07,54.0,22.0,152.0
409,108.07,21.0,26.0,144.0
2372,106.0,53.0,18.0,120.0
4446,90.93,61.0,14.0,128.0
4600,91.67,52.0,14.0,120.0
334,99.86,55.0,22.0,
3724,108.7,57.0,18.0,104.0
3309,92.34,17.0,26.0,168.0
1225,87.73,54.0,20.0,104.0
44,114.5,53.0,18.0,104.0
340,90.09,52.0,12.0,128.0
4264,86.45,51.0,24.0,104.0
2975,105.55,54.0,18.0,160.0
1203,92.42,29.0,24.0,128.0
189,113.36,31.0,20.0,
1171,85.66,56.0,14.0,144.0
2613,107.0,54.0,22.0,136.0
2614,94.77,28.0,20.0,96.0
3960,107.27,49.0,20.0,152.0
1513,102.35,64.0,16.0,136.0
670,104.68,56.0,16.0,112.0
4120,82.22,27.0,26.0,104.0
3674,86.4,28.0,22.0,112.0
4770,91.37,29.0,20.0,96.0
1253,102.33,31.0,16.0,136.0
1905,91.24,59.0,20.0,128.0
4034,112.42,55.0,18.0,120.0
2714,100.03,26.0,26.0,144.0
936,100.06,30.0,20.0,128.0
2862,104.44,55.0,24.0,104.0
3578,112.66,56.0,26.0,120.0
2335,97.01,54.0,18.0,120.0
4682,110.46,20.0,24.0,144.0
3323,90.41,,12.0,144.0
3723,121.92,33.0,22.0,160.0
2698,106.64,23.0,22.0,136.0
4844,100.78,28.0,22.0,136.0
2220,104.04,29.0,22.0,168.0
577,91.55,28.0,,136.0
4779,,50.0,20.0,112.0
2700,117.62,56.0,18.0,144.0
582,105.53,29.0,26.0,136.0
4940,88.09,31.0,20.0,112.0
229,100.22,27.0,20.0,136.0
1927,90.57,22.0,18.0,144.0
4018,90.24,52.0,16.0,144.0
4115,108.86,54.0,30.0,136.0
3819,125.04,56.0,24.0,152.0
3600,91.83,29.0,22.0,120.0
85,103.62,30.0,24.0,136.0
669,93.56,65.0,16.0,152.0
4272,100.72,54.0,18.0,120.0
223,106.78,55.0,14.0,128.0
2953,99.23,52.0,20.0,104.0
1052,112.65,30.0,18.0,128.0
3172,112.43,28.0,20.0,152.0
869,98.65,28.0,20.0,112.0
876,110.64,30.0,,136.0
1319,98.31,53.0,18.0,112.0
1740,109.85,54.0,24.0,192.0
1674,110.4,28.0,22.0,152.0
4161,104.84,62.0,8.0,128.0
873,87.9,59.0,14.0,72.0
3997,117.87,30.0,24.0,160.0
1453,101.78,29.0,26.0,120.0
378,103.65,50.0,24.0,120.0
2606,102.16,57.0,14.0,120.0
3987,85.85,55.0,14.0,96.0
1677,110.79,59.0,,128.0
4158,113.89,31.0,20.0,104.0
2889,110.51,25.0,20.0,160.0
3635,86.05,,14.0,104.0
618,92.85,22.0,24.0,144.0
4622,87.66,58.0,18.0,120.0
1579,104.94,30.0,22.0,128.0
2360,95.63,53.0,18.0,128.0
3442,101.55,62.0,18.0,96.0
719,114.83,28.0,32.0,160.0
2400,100.76,19.0,22.0,160.0
2667,104.73,57.0,22.0,176.0
3336,96.18,29.0,22.0,
4037,96.91,21.0,26.0,168.0
1744,96.69,,18.0,112.0
3826,100.85,56.0,22.0,120.0
144,103.87,54.0,24.0,144.0
3277,99.0,29.0,26.0,120.0
2280,89.32,24.0,24.0,136.0
4490,92.97,28.0,24.0,144.0
3985,108.87,23.0,24.0,152.0
4153,81.52,54.0,10.0,120.0
4492,119.29,57.0,26.0,120.0
833,112.4,25.0,30.0,136.0
172,98.83,29.0,24.0,112.0
699,94.91,54.0,18.0,136.0
3295,99.85,53.0,20.0,120.0
4876,114.54,51.0,26.0,128.0
4524,106.11,27.0,22.0,144.0
2516,107.86,55.0,22.0,128.0
766,103.87,55.0,33.0,96.0
3675,93.8,52.0,24.0,128.0
2131,85.42,28.0,,96.0
2877,104.1,54.0,18.0,112.0
3957,109.41,27.0,20.0,152.0
3530,86.92,57.0,16.0,120.0
824,80.85,53.0,12.0,104.0
2435,95.76,56.0,20.0,112.0
3818,102.46,27.0,21.0,128.0
1283,94.36,33.0,22.0,112.0
2387,,56.0,16.0,88.0
3151,93.05,29.0,22.0,144.0
2150,106.74,26.0,24.0,128.0
2226,89.06,22.0,19.0,136.0
3944,101.06,54.0,,144.0
1785,110.94,51.0,22.0,120.0
1187,98.67,61.0,23.0,120.0
280,98.7,,16.0,136.0
332,102.4,51.0,20.0,128.0
2458,98.86,30.0,16.0,112.0
2396,107.47,60.0,16.0,168.0
4167,85.7,24.0,20.0,112.0
4172,107.98,55.0,22.0,168.0
2689,91.72,52.0,18.0,144.0
3696,101.94,56.0,22.0,144.0
4892,108.89,26.0,26.0,160.0
4437,103.39,52.0,24.0,160.0
3466,105.01,52.0,22.0,112.0
109,107.14,30.0,26.0,152.0
1712,111.05,52.0,24.0,104.0
4178,83.33,51.0,15.0,112.0
1152,,25.0,24.0,96.0
1277,118.95,54.0,34.0,160.0
2424,86.33,31.0,12.0,112.0
3759,71.87,30.0,14.0,104.0
1559,89.93,60.0,10.0,104.0
1372,105.9,52.0,12.0,128.0
2719,86.55,57.0,14.0,104.0
2001,98.66,30.0,26.0,136.0
4802,88.15,29.0,19.0,128.0
4928,106.11,61.0,,128.0
3517,78.74,55.0,10.0,104.0
3114,91.5,30.0,22.0,112.0
2624,113.06,51.0,28.0,152.0
441,88.34,18.0,20.0,
4560,94.49,,20.0,
2117,96.57,61.0,10.0,120.0
4871,99.06,21.0,22.0,160.0
1081,103.22,57.0,20.0,160.0
1530,112.99,57.0,25.0,112.0
3215,93.91,53.0,14.0,112.0
567,96.48,56.0,24.0,152.0
3435,96.97,54.0,24.0,144.0
4440,102.85,63.0,22.0,136.0
3670,85.7,23.0,22.0,104.0
3686,112.87,29.0,28.0,152.0
4975,102.89,53.0,26.0,128.0
2750,99.35,30.0,30.0,128.0
4765,102.19,14.0,30.0,152.0
3368,91.35,52.0,12.0,152.0
2121,95.96,27.0,18.0,120.0
3781,96.9,52.0,22.0,128.0
1835,100.5,27.0,24.0,104.0
4727,123.91,31.0,22.0,160.0
3874,114.37,61.0,16.0,112.0
3429,98.98,26.0,22.0,128.0
4091,119.71,24.0,26.0,152.0
3403,99.02,28.0,20.0,160.0
1155,106.29,26.0,26.0,136.0
80,95.32,50.0,20.0,120.0
813,71.87,52.0,6.0,104.0
4699,112.07,32.0,18.0,120.0
3023,,29.0,16.0,136.0
192,104.47,25.0,22.0,128.0
1614,135.68,59.0,26.0,136.0
4839,93.58,30.0,24.0,128.0
399,81.73,53.0,22.0,104.0
4512,107.47,14.0,30.0,136.0
2623,96.98,52.0,20.0,128.0
1199,91.94,53.0,22.0,104.0
1146,101.11,26.0,26.0,128.0
1407,109.75,22.0,25.0,144.0
3745,95.66,31.0,18.0,
3743,102.84,29.0,34.0,128.0
728,,28.0,22.0,96.0
3080,96.53,29.0,20.0,152.0
701,93.01,55.0,12.0,168.0
3582,102.9,50.0,24.0,152.0
2026,95.59,60.0,10.0,120.0
4681,99.93,58.0,14.0,120.0
497,119.68,53.0,30.0,120.0
3280,100.96,54.0,16.0,144.0
2662,96.56,57.0,12.0,104.0
2362,105.79,32.0,,144.0
1204,118.32,52.0,20.0,152.0
2105,102.23,27.0,26.0,136.0
3952,114.17,27.0,18.0,152.0
4244,92.82,54.0,14.0,136.0
855,100.45,30.0,26.0,128.0
1296,,57.0,18.0,96.0
4993,104.35,30.0,22.0,96.0
346,103.6,24.0,28.0,120.0
2227,91.84,21.0,26.0,136.0
4305,,60.0,14.0,136.0
1363,89.21,24.0,16.0,128.0
839,104.31,29.0,,136.0
530,98.94,56.0,14.0,112.0
3244,87.88,54.0,18.0,88.0
3520,86.81,29.0,20.0,120.0
3941,102.55,,20.0,176.0
1919,113.07,58.0,23.0,136.0
3246,89.0,53.0,20.0,128.0
1846,96.79,,12.0,168.0
4841,107.46,51.0,,144.0
4226,85.35,52.0,18.0,104.0
2383,94.92,29.0,18.0,112.0
4675,90.94,53.0,18.0,120.0
1601,104.31,21.0,,176.0
86,119.16,55.0,24.0,128.0
4933,119.3,31.0,24.0,144.0
4310,104.0,25.0,30.0,136.0
4441,96.85,56.0,14.0,136.0
1622,103.56,50.0,14.0,120.0
3908,78.62,23.0,22.0,128.0
1053,113.18,17.0,28.0,176.0
2045,108.27,56.0,22.0,168.0
2500,108.34,51.0,22.0,136.0
4062,115.85,52.0,,128.0
4946,108.14,49.0,20.0,144.0
2591,115.67,26.0,24.0,152.0
154,118.88,24.0,28.0,152.0
2567,88.45,28.0,22.0,160.0
4218,90.57,55.0,8.0,120.0
1307,107.15,59.0,22.0,128.0
2331,113.49,29.0,22.0,160.0
3799,105.44,26.0,26.0,144.0
1174,104.18,32.0,20.0,152.0
1542,91.45,55.0,20.0,136.0
2267,111.43,,20.0,144.0
591,127.66,30.0,28.0,160.0
4173,91.0,58.0,20.0,120.0
2214,103.0,27.0,20.0,152.0
1828,82.56,30.0,18.0,112.0
2961,114.01,26.0,22.0,152.0
1884,97.94,63.0,16.0,104.0
987,99.6,57.0,16.0,136.0
2765,98.03,56.0,21.0,128.0
926,102.21,60.0,14.0,120.0
3005,115.73,26.0,30.0,128.0
4577,106.0,58.0,22.0,136.0
3591,115.08,27.0,26.0,168.0
4128,91.2,29.0,19.0,112.0
4322,108.73,31.0,29.0,144.0
1472,105.95,29.0,22.0,184.0
4555,84.59,56.0,16.0,128.0
2263,97.98,65.0,16.0,144.0
1696,119.79,49.0,22.0,136.0
3356,97.59,29.0,18.0,120.0
4691,79.49,68.0,14.0,112.0
1803,101.72,24.0,30.0,160.0
425,110.62,27.0,20.0,120.0
3524,106.36,31.0,22.0,120.0
4056,90.91,,,136.0
4470,83.45,28.0,18.0,144.0
1570,102.03,25.0,22.0,152.0
2196,105.15,54.0,18.0,160.0
681,119.35,26.0,26.0,152.0
4453,114.9,29.0,22.0,128.0
2546,94.63,,20.0,136.0
3071,88.48,30.0,20.0,144.0
3752,113.43,,20.0,112.0
1765,106.06,28.0,30.0,144.0
632,96.29,51.0,18.0,144.0
2154,102.16,26.0,22.0,136.0
4073,111.04,30.0,22.0,120.0
4048,86.28,26.0,18.0,104.0
3948,96.65,54.0,19.0,112.0
2729,85.66,27.0,18.0,112.0
2690,104.83,29.0,22.0,112.0
1953,104.39,24.0,24.0,136.0
623,102.81,,22.0,128.0
568,104.63,26.0,22.0,120.0
389,96.74,54.0,18.0,136.0
917,108.0,61.0,20.0,160.0
1365,106.69,57.0,14.0,128.0
1059,109.76,28.0,22.0,152.0
2646,111.16,54.0,23.0,152.0
2036,101.52,50.0,24.0,160.0
3434,107.49,54.0,20.0,128.0
4712,105.9,59.0,22.0,112.0
